# Rime dictionary
# encoding: utf-8
# 数据来源 http://xzqh.mca.gov.cn/map 2025-04-21
---
name: cityS
version: "1745167197"
sort: original
...
阿巴嘎旗	 内蒙古锡林郭勒盟
阿坝	 四川
阿坝藏族羌族自治州	 四川
阿坝县	 四川阿坝
阿城	 黑龙江哈尔滨
阿城区	 黑龙江哈尔滨
阿尔山	 内蒙古兴安盟
阿尔山市	 内蒙古兴安盟
阿合奇	 新疆克孜勒苏柯尔克孜
阿合奇县	 新疆克孜勒苏柯尔克孜
阿克塞	 甘肃酒泉
阿克塞哈萨克族自治县	 甘肃酒泉
阿克塞县	 甘肃酒泉
阿克苏	 新疆
阿克苏地区	 新疆
阿克苏市	 新疆阿克苏
阿克陶	 新疆克孜勒苏柯尔克孜
阿克陶县	 新疆克孜勒苏柯尔克孜
阿拉尔	 新疆
阿拉尔市	 新疆
阿拉山口	 新疆博尔塔拉
阿拉山口市	 新疆博尔塔拉
阿拉善盟	 内蒙古
阿拉善右旗	 内蒙古阿拉善盟
阿拉善左旗	 内蒙古阿拉善盟
阿勒泰	 新疆
阿勒泰地区	 新疆
阿勒泰市	 新疆阿勒泰
阿里	 西藏
阿里地区	 西藏
阿鲁科尔沁旗	 内蒙古赤峰
阿荣旗	 内蒙古呼伦贝尔
阿图什	 新疆克孜勒苏柯尔克孜
阿图什市	 新疆克孜勒苏柯尔克孜
阿瓦提	 新疆阿克苏
阿瓦提县	 新疆阿克苏
爱辉	 黑龙江黑河
爱辉区	 黑龙江黑河
爱民区	 黑龙江牡丹江
安次	 河北廊坊
安次区	 河北廊坊
安达市	 黑龙江绥化
安定区	 甘肃定西
安多县	 西藏那曲
安福	 江西吉安
安福县	 江西吉安
安国市	 河北保定
安化	 湖南益阳
安化县	 湖南益阳
安吉县	 浙江湖州
安居区	 四川遂宁
安康	 陕西
安康市	 陕西
安龙	 贵州黔西南
安龙县	 贵州黔西南
安陆	 湖北孝感
安陆市	 湖北孝感
安宁区	 甘肃兰州
安宁市	 云南昆明
安平	 河北衡水
安平县	 河北衡水
安庆	 安徽
安庆市	 安徽
安丘	 山东潍坊
安丘市	 山东潍坊
安仁	 湖南郴州
安仁县	 湖南郴州
安塞	 陕西延安
安塞区	 陕西延安
安顺	 贵州
安顺市	 贵州
安图	 吉林延边
安图县	 吉林延边
安溪	 福建泉州
安溪县	 福建泉州
安乡	 湖南常德
安乡县	 湖南常德
安新县	 河北保定
安阳	 河南
安阳市	 河南
安阳县	 河南安阳
安义	 江西南昌
安义县	 江西南昌
安源	 江西萍乡
安源区	 江西萍乡
安远	 江西赣州
安远县	 江西赣州
安岳	 四川资阳
安岳县	 四川资阳
安泽	 山西临汾
安泽县	 山西临汾
安州	 四川绵阳
安州区	 四川绵阳
鞍山	 辽宁
鞍山市	 辽宁
昂昂溪	 黑龙江齐齐哈尔
昂昂溪区	 黑龙江齐齐哈尔
昂仁	 西藏日喀则
昂仁县	 西藏日喀则
敖汉旗	 内蒙古赤峰
八步	 广西贺州
八步区	 广西贺州
八公山	 安徽淮南
八公山区	 安徽淮南
八宿	 西藏昌都
八宿县	 西藏昌都
巴楚	 新疆喀什
巴楚县	 新疆喀什
巴东	 湖北恩施
巴东县	 湖北恩施
巴里坤	 新疆哈密
巴里坤哈萨克自治县	 新疆哈密
巴里县	 新疆哈密
巴林右旗	 内蒙古赤峰
巴林左旗	 内蒙古赤峰
巴马	 广西河池
巴马县	 广西河池
巴马瑶族自治县	 广西河池
巴南	 重庆
巴南区	 重庆
巴青	 西藏那曲
巴青县	 西藏那曲
巴塘	 四川甘孜
巴塘县	 四川甘孜
巴彦	 黑龙江哈尔滨
巴彦淖尔	 内蒙古
巴彦淖尔市	 内蒙古
巴彦县	 黑龙江哈尔滨
巴宜	 西藏林芝
巴宜区	 西藏林芝
巴音郭楞	 新疆
巴音郭楞蒙古自治州	 新疆
巴中	 四川
巴中市	 四川
巴州	 四川巴中
巴州区	 四川巴中
鲅鱼圈	 辽宁营口
鲅鱼圈区	 辽宁营口
霸州	 河北廊坊
霸州市	 河北廊坊
灞桥	 陕西西安
灞桥区	 陕西西安
白城	 吉林
白城市	 吉林
白河县	 陕西安康
白碱滩区	 新疆克拉玛依
白朗	 西藏日喀则
白朗县	 西藏日喀则
白沙黎族自治县	 海南
白沙县	 海南
白山	 吉林
白山市	 吉林
白水县	 陕西渭南
白塔区	 辽宁辽阳
白杨市	 新疆
白银	 甘肃
白银区	 甘肃白银
白银市	 甘肃
白玉县	 四川甘孜
白云鄂博	 内蒙古包头
白云鄂博矿区	 内蒙古包头
百色	 广西
百色市	 广西
柏乡	 河北邢台
柏乡县	 河北邢台
拜城	 新疆阿克苏
拜城县	 新疆阿克苏
拜泉	 黑龙江齐齐哈尔
拜泉县	 黑龙江齐齐哈尔
班戈	 西藏那曲
班戈县	 西藏那曲
班玛	 青海果洛
班玛县	 青海果洛
蚌埠	 安徽
蚌埠市	 安徽
蚌山	 安徽蚌埠
蚌山区	 安徽蚌埠
包河	 安徽合肥
包河区	 安徽合肥
包头	 内蒙古
包头市	 内蒙古
宝安	 广东深圳
宝安区	 广东深圳
宝坻	 天津
宝坻区	 天津
宝丰	 河南平顶山
宝丰县	 河南平顶山
宝鸡	 陕西
宝鸡市	 陕西
宝清	 黑龙江双鸭山
宝清县	 黑龙江双鸭山
宝塔区	 陕西延安
宝兴县	 四川雅安
宝应	 江苏扬州
宝应县	 江苏扬州
保德	 山西忻州
保德县	 山西忻州
保定	 河北
保定市	 河北
保靖	 湖南湘西
保靖县	 湖南湘西
保康	 湖北襄阳
保康县	 湖北襄阳
保山	 云南
保山市	 云南
保亭	 海南
保亭黎族苗族自治县	 海南
保亭县	 海南
碑林区	 陕西西安
北安市	 黑龙江黑河
北碚	 重庆
北碚区	 重庆
北辰区	 天津
北川羌族自治县	 四川绵阳
北川县	 四川绵阳
北戴河	 河北秦皇岛
北戴河区	 河北秦皇岛
北关区	 河南安阳
北海	 广西
北海市	 广西
北湖	 湖南郴州
北湖区	 湖南郴州
北林	 黑龙江绥化
北林区	 黑龙江绥化
北流	 广西玉林
北流市	 广西玉林
北仑	 浙江宁波
北仑区	 浙江宁波
北票	 辽宁朝阳
北票市	 辽宁朝阳
北区	 香港
北塔	 湖南邵阳
北塔区	 湖南邵阳
北屯	 新疆
北屯市	 新疆
北镇	 辽宁锦州
北镇市	 辽宁锦州
本溪	 辽宁
本溪满族自治县	 辽宁本溪
本溪市	 辽宁
本溪县	 辽宁本溪
比如县	 西藏那曲
毕节	 贵州
毕节市	 贵州
碧江	 贵州铜仁
碧江区	 贵州铜仁
璧山	 重庆
璧山区	 重庆
边坝	 西藏昌都
边坝县	 西藏昌都
宾川县	 云南大理
宾县	 黑龙江哈尔滨
宾阳	 广西南宁
宾阳县	 广西南宁
彬州	 陕西咸阳
彬州市	 陕西咸阳
滨城	 山东滨州
滨城区	 山东滨州
滨海县	 江苏盐城
滨海新区	 天津
滨湖	 江苏无锡
滨湖区	 江苏无锡
滨江区	 浙江杭州
滨州	 山东
滨州市	 山东
波密	 西藏林芝
波密县	 西藏林芝
播州	 贵州遵义
播州区	 贵州遵义
勃利	 黑龙江七台河
勃利县	 黑龙江七台河
亳州	 安徽
亳州市	 安徽
博爱	 河南焦作
博爱县	 河南焦作
博白	 广西玉林
博白县	 广西玉林
博尔塔拉	 新疆
博尔塔拉蒙古自治州	 新疆
博湖	 新疆巴音郭楞
博湖县	 新疆巴音郭楞
博乐	 新疆博尔塔拉
博乐市	 新疆博尔塔拉
博罗	 广东惠州
博罗县	 广东惠州
博山	 山东淄博
博山区	 山东淄博
博望	 安徽马鞍山
博望区	 安徽马鞍山
博兴	 山东滨州
博兴县	 山东滨州
博野	 河北保定
博野县	 河北保定
布尔津	 新疆阿勒泰
布尔津县	 新疆阿勒泰
布拖	 四川凉山
布拖县	 四川凉山
蔡甸	 湖北武汉
蔡甸区	 湖北武汉
仓山	 福建福州
仓山区	 福建福州
苍南	 浙江温州
苍南县	 浙江温州
苍梧县	 广西梧州
苍溪	 四川广元
苍溪县	 四川广元
沧县	 河北沧州
沧源	 云南临沧
沧源佤族自治县	 云南临沧
沧源县	 云南临沧
沧州	 河北
沧州市	 河北
曹妃甸	 河北唐山
曹妃甸区	 河北唐山
曹县	 山东菏泽
册亨	 贵州黔西南
册亨县	 贵州黔西南
策勒	 新疆和田
策勒县	 新疆和田
岑巩	 贵州黔东南
岑巩县	 贵州黔东南
岑溪	 广西梧州
岑溪市	 广西梧州
曾都	 湖北随州
曾都区	 湖北随州
茶陵	 湖南株洲
茶陵县	 湖南株洲
察布查尔锡伯	 新疆伊犁
察布查尔锡伯自治县	 新疆伊犁
察布查尔县	 新疆伊犁
察哈尔右翼后旗	 内蒙古乌兰察布
察哈尔右翼前旗	 内蒙古乌兰察布
察哈尔右翼中旗	 内蒙古乌兰察布
察县	 新疆伊犁
察雅	 西藏昌都
察雅县	 西藏昌都
察隅	 西藏林芝
察隅县	 西藏林芝
柴桑	 江西九江
柴桑区	 江西九江
禅城	 广东佛山
禅城区	 广东佛山
瀍河	 河南洛阳
瀍河回族区	 河南洛阳
昌都	 西藏
昌都市	 西藏
昌吉	 新疆
昌吉回族自治州	 新疆
昌吉市	 新疆昌吉
昌江	 海南
昌江黎族自治县	 海南
昌江区	 江西景德镇
昌江县	 海南
昌乐	 山东潍坊
昌乐县	 山东潍坊
昌黎	 河北秦皇岛
昌黎县	 河北秦皇岛
昌宁	 云南保山
昌宁县	 云南保山
昌平	 北京
昌平区	 北京
昌图	 辽宁铁岭
昌图县	 辽宁铁岭
昌邑区	 吉林
昌邑市	 山东潍坊
常德	 湖南
常德市	 湖南
常宁	 湖南衡阳
常宁市	 湖南衡阳
常山县	 浙江衢州
常熟	 江苏苏州
常熟市	 江苏苏州
常州	 江苏
常州市	 江苏
巢湖	 安徽合肥
巢湖市	 安徽合肥
朝天区	 四川广元
朝阳	 辽宁
朝阳市	 辽宁
朝阳县	 辽宁朝阳
潮安	 广东潮州
潮安区	 广东潮州
潮南	 广东汕头
潮南区	 广东汕头
潮阳	 广东汕头
潮阳区	 广东汕头
潮州	 广东
潮州市	 广东
郴州	 湖南
郴州市	 湖南
辰溪	 湖南怀化
辰溪县	 湖南怀化
陈巴尔虎旗	 内蒙古呼伦贝尔
陈仓	 陕西宝鸡
陈仓区	 陕西宝鸡
称多	 青海玉树
称多县	 青海玉树
成安	 河北邯郸
成安县	 河北邯郸
成都	 四川
成都市	 四川
成华	 四川成都
成华区	 四川成都
成武	 山东菏泽
成武县	 山东菏泽
成县	 甘肃陇南
呈贡	 云南昆明
呈贡区	 云南昆明
承德	 河北
承德市	 河北
承德县	 河北承德
城北区	 青海西宁
城步	 湖南邵阳
城步苗族自治县	 湖南邵阳
城步县	 湖南邵阳
城东区	 青海西宁
城固	 陕西汉中
城固县	 陕西汉中
城口县	 重庆
城西区	 青海西宁
城厢	 福建莆田
城厢区	 福建莆田
城阳	 山东青岛
城阳区	 山东青岛
城子河	 黑龙江鸡西
城子河区	 黑龙江鸡西
澄城	 陕西渭南
澄城县	 陕西渭南
澄海	 广东汕头
澄海区	 广东汕头
澄江	 云南玉溪
澄江市	 云南玉溪
澄迈	 海南
澄迈县	 海南
池州	 安徽
池州市	 安徽
茌平	 山东聊城
茌平区	 山东聊城
赤壁	 湖北咸宁
赤壁市	 湖北咸宁
赤城县	 河北张家口
赤峰	 内蒙古
赤峰市	 内蒙古
赤坎	 广东湛江
赤坎区	 广东湛江
赤水	 贵州遵义
赤水市	 贵州遵义
崇川	 江苏南通
崇川区	 江苏南通
崇礼	 河北张家口
崇礼区	 河北张家口
崇明	 上海
崇明区	 上海
崇仁	 江西抚州
崇仁县	 江西抚州
崇信	 甘肃平凉
崇信县	 甘肃平凉
崇阳	 湖北咸宁
崇阳县	 湖北咸宁
崇义	 江西赣州
崇义县	 江西赣州
崇州	 四川成都
崇州市	 四川成都
崇左	 广西
崇左市	 广西
滁州	 安徽
滁州市	 安徽
楚雄	 云南
楚雄市	 云南楚雄
楚雄彝族自治州	 云南
川汇	 河南周口
川汇区	 河南周口
船山	 四川遂宁
船山区	 四川遂宁
船营	 吉林
船营区	 吉林
淳安	 浙江杭州
淳安县	 浙江杭州
淳化	 陕西咸阳
淳化县	 陕西咸阳
慈利	 湖南张家界
慈利县	 湖南张家界
慈溪	 浙江宁波
慈溪市	 浙江宁波
磁县	 河北邯郸
枞阳	 安徽铜陵
枞阳县	 安徽铜陵
从化	 广东广州
从化区	 广东广州
从江县	 贵州黔东南
丛台	 河北邯郸
丛台区	 河北邯郸
翠屏区	 四川宜宾
措美	 西藏山南
措美县	 西藏山南
措勤	 西藏阿里
措勤县	 西藏阿里
错那	 西藏山南
错那市	 西藏山南
达坂城区	 新疆乌鲁木齐
达川	 四川达州
达川区	 四川达州
达尔罕茂明安联合旗	 内蒙古包头
达拉特旗	 内蒙古鄂尔多斯
达日	 青海果洛
达日县	 青海果洛
达州	 四川
达州市	 四川
达孜	 西藏拉萨
达孜区	 西藏拉萨
大安区	 四川自贡
大安市	 吉林白城
大厂回族自治县	 河北廊坊
大厂县	 河北廊坊
大城县	 河北廊坊
大东区	 辽宁沈阳
大渡口	 重庆
大渡口区	 重庆
大方县	 贵州毕节
大丰	 江苏盐城
大丰区	 江苏盐城
大关县	 云南昭通
大观区	 安徽安庆
大化	 广西河池
大化县	 广西河池
大化瑶族自治县	 广西河池
大理	 云南
大理白族自治州	 云南
大理市	 云南大理
大荔	 陕西渭南
大荔县	 陕西渭南
大连	 辽宁
大连市	 辽宁
大名县	 河北邯郸
大宁	 山西临汾
大宁县	 山西临汾
大埔区	 香港
大埔县	 广东梅州
大庆	 黑龙江
大庆市	 黑龙江
大箐山	 黑龙江伊春
大箐山县	 黑龙江伊春
大石桥	 辽宁营口
大石桥市	 辽宁营口
大田县	 福建三明
大通回族土族自治县	 青海西宁
大通区	 安徽淮南
大通县	 青海西宁
大同	 山西
大同区	 黑龙江大庆
大同市	 山西
大洼	 辽宁盘锦
大洼区	 辽宁盘锦
大武口	 宁夏石嘴山
大武口区	 宁夏石嘴山
大悟	 湖北孝感
大悟县	 湖北孝感
大祥	 湖南邵阳
大祥区	 湖南邵阳
大新县	 广西崇左
大兴安岭	 黑龙江
大兴安岭地区	 黑龙江
大兴区	 北京
大姚	 云南楚雄
大姚县	 云南楚雄
大冶	 湖北黄石
大冶市	 湖北黄石
大邑	 四川成都
大邑县	 四川成都
大英县	 四川遂宁
大余	 江西赣州
大余县	 江西赣州
大竹县	 四川达州
大足	 重庆
大足区	 重庆
代县	 山西忻州
岱山	 浙江舟山
岱山县	 浙江舟山
岱岳	 山东泰安
岱岳区	 山东泰安
丹巴	 四川甘孜
丹巴县	 四川甘孜
丹东	 辽宁
丹东市	 辽宁
丹凤县	 陕西商洛
丹江口	 湖北十堰
丹江口市	 湖北十堰
丹棱	 四川眉山
丹棱县	 四川眉山
丹徒	 江苏镇江
丹徒区	 江苏镇江
丹阳	 江苏镇江
丹阳市	 江苏镇江
丹寨	 贵州黔东南
丹寨县	 贵州黔东南
单县	 山东菏泽
郸城	 河南周口
郸城县	 河南周口
当涂	 安徽马鞍山
当涂县	 安徽马鞍山
当雄	 西藏拉萨
当雄县	 西藏拉萨
当阳	 湖北宜昌
当阳市	 湖北宜昌
砀山	 安徽宿州
砀山县	 安徽宿州
宕昌	 甘肃陇南
宕昌县	 甘肃陇南
道孚	 四川甘孜
道孚县	 四川甘孜
道里区	 黑龙江哈尔滨
道外区	 黑龙江哈尔滨
道县	 湖南永州
道真	 贵州遵义
道真仡佬族苗族自治县	 贵州遵义
道真县	 贵州遵义
稻城	 四川甘孜
稻城县	 四川甘孜
得荣	 四川甘孜
得荣县	 四川甘孜
德安	 江西九江
德安县	 江西九江
德保	 广西百色
德保县	 广西百色
德昌	 四川凉山
德昌县	 四川凉山
德城	 山东德州
德城区	 山东德州
德格县	 四川甘孜
德宏	 云南
德宏傣族景颇族自治州	 云南
德化	 福建泉州
德化县	 福建泉州
德惠	 吉林长春
德惠市	 吉林长春
德江	 贵州铜仁
德江县	 贵州铜仁
德令哈	 青海海西
德令哈市	 青海海西
德钦	 云南迪庆
德钦县	 云南迪庆
德清	 浙江湖州
德清县	 浙江湖州
德庆	 广东肇庆
德庆县	 广东肇庆
德兴	 江西上饶
德兴市	 江西上饶
德阳	 四川
德阳市	 四川
德州	 山东
德州市	 山东
灯塔市	 辽宁辽阳
登封	 河南郑州
登封市	 河南郑州
邓州	 河南南阳
邓州市	 河南南阳
磴口	 内蒙古巴彦淖尔
磴口县	 内蒙古巴彦淖尔
滴道	 黑龙江鸡西
滴道区	 黑龙江鸡西
迪庆	 云南
迪庆藏族自治州	 云南
点军	 湖北宜昌
点军区	 湖北宜昌
电白	 广东茂名
电白区	 广东茂名
垫江	 重庆
垫江县	 重庆
调兵山	 辽宁铁岭
调兵山市	 辽宁铁岭
迭部	 甘肃甘南
迭部县	 甘肃甘南
叠彩	 广西桂林
叠彩区	 广西桂林
丁青	 西藏昌都
丁青县	 西藏昌都
鼎城	 湖南常德
鼎城区	 湖南常德
鼎湖	 广东肇庆
鼎湖区	 广东肇庆
定安	 海南
定安县	 海南
定边	 陕西榆林
定边县	 陕西榆林
定海区	 浙江舟山
定结县	 西藏日喀则
定南	 江西赣州
定南县	 江西赣州
定日县	 西藏日喀则
定陶	 山东菏泽
定陶区	 山东菏泽
定西	 甘肃
定西市	 甘肃
定襄	 山西忻州
定襄县	 山西忻州
定兴	 河北保定
定兴县	 河北保定
定远县	 安徽滁州
定州	 河北保定
定州市	 河北保定
东阿县	 山东聊城
东安区	 黑龙江牡丹江
东安县	 湖南永州
东宝	 湖北荆门
东宝区	 湖北荆门
东昌	 吉林通化
东昌府	 山东聊城
东昌府区	 山东聊城
东昌区	 吉林通化
东城区	 北京
东川区	 云南昆明
东方市	 海南
东丰	 吉林辽源
东丰县	 吉林辽源
东风区	 黑龙江佳木斯
东港区	 山东日照
东港市	 辽宁丹东
东光	 河北沧州
东光县	 河北沧州
东海县	 江苏连云港
东河	 内蒙古包头
东河区	 内蒙古包头
东湖区	 江西南昌
东兰	 广西河池
东兰县	 广西河池
东丽	 天津
东丽区	 天津
东辽	 吉林辽源
东辽县	 吉林辽源
东明县	 山东菏泽
东宁	 黑龙江牡丹江
东宁市	 黑龙江牡丹江
东平县	 山东泰安
东坡区	 四川眉山
东山区	 黑龙江鹤岗
东山县	 福建漳州
东胜	 内蒙古鄂尔多斯
东胜区	 内蒙古鄂尔多斯
东台	 江苏盐城
东台市	 江苏盐城
东乌珠穆沁旗	 内蒙古锡林郭勒盟
东西湖	 湖北武汉
东西湖区	 湖北武汉
东乡	 江西抚州
东乡区	 江西抚州
东乡族自治县	 甘肃临夏
东兴区	 四川内江
东兴市	 广西防城港
东阳市	 浙江金华
东营	 山东
东营区	 山东东营
东营市	 山东
东源	 广东河源
东源县	 广东河源
东至	 安徽池州
东至县	 安徽池州
东洲	 辽宁抚顺
东洲区	 辽宁抚顺
洞口县	 湖南邵阳
洞头	 浙江温州
洞头区	 浙江温州
都安	 广西河池
都安县	 广西河池
都安瑶族自治县	 广西河池
都昌	 江西九江
都昌县	 江西九江
都江堰	 四川成都
都江堰市	 四川成都
都兰	 青海海西
都兰县	 青海海西
都匀	 贵州黔南
都匀市	 贵州黔南
斗门	 广东珠海
斗门区	 广东珠海
独山县	 贵州黔南
独山子区	 新疆克拉玛依
杜尔伯特	 黑龙江大庆
杜尔伯特蒙古族自治县	 黑龙江大庆
杜尔伯特县	 黑龙江大庆
杜集	 安徽淮北
杜集区	 安徽淮北
端州	 广东肇庆
端州区	 广东肇庆
堆龙德庆	 西藏拉萨
堆龙德庆区	 西藏拉萨
敦化	 吉林延边
敦化市	 吉林延边
敦煌	 甘肃酒泉
敦煌市	 甘肃酒泉
多伦	 内蒙古锡林郭勒盟
多伦县	 内蒙古锡林郭勒盟
掇刀	 湖北荆门
掇刀区	 湖北荆门
峨边	 四川乐山
峨边县	 四川乐山
峨边彝族自治县	 四川乐山
峨眉山	 四川乐山
峨眉山市	 四川乐山
峨山	 云南玉溪
峨山县	 云南玉溪
峨山彝族自治县	 云南玉溪
额尔古纳	 内蒙古呼伦贝尔
额尔古纳市	 内蒙古呼伦贝尔
额济纳旗	 内蒙古阿拉善盟
额敏	 新疆塔城
额敏县	 新疆塔城
鄂城	 湖北鄂州
鄂城区	 湖北鄂州
鄂尔多斯	 内蒙古
鄂尔多斯市	 内蒙古
鄂伦春自治旗	 内蒙古呼伦贝尔
鄂伦旗	 内蒙古呼伦贝尔
鄂托克旗	 内蒙古鄂尔多斯
鄂托克前旗	 内蒙古鄂尔多斯
鄂温克族自治旗	 内蒙古呼伦贝尔
鄂温旗	 内蒙古呼伦贝尔
鄂州	 湖北
鄂州市	 湖北
恩平	 广东江门
恩平市	 广东江门
恩施	 湖北
恩施市	 湖北恩施
恩施土家族苗族自治州	 湖北
恩阳	 四川巴中
恩阳区	 四川巴中
洱源	 云南大理
洱源县	 云南大理
二道江	 吉林通化
二道江区	 吉林通化
二道区	 吉林长春
二连浩特	 内蒙古锡林郭勒盟
二连浩特市	 内蒙古锡林郭勒盟
二七区	 河南郑州
法库	 辽宁沈阳
法库县	 辽宁沈阳
番禺	 广东广州
番禺区	 广东广州
樊城	 湖北襄阳
樊城区	 湖北襄阳
繁昌	 安徽芜湖
繁昌区	 安徽芜湖
繁峙	 山西忻州
繁峙县	 山西忻州
范县	 河南濮阳
方城	 河南南阳
方城县	 河南南阳
方山县	 山西吕梁
方正县	 黑龙江哈尔滨
坊子	 山东潍坊
坊子区	 山东潍坊
防城	 广西防城港
防城港	 广西
防城港市	 广西
防城区	 广西防城港
房山	 北京
房山区	 北京
房县	 湖北十堰
肥城	 山东泰安
肥城市	 山东泰安
肥东	 安徽合肥
肥东县	 安徽合肥
肥西	 安徽合肥
肥西县	 安徽合肥
肥乡	 河北邯郸
肥乡区	 河北邯郸
费县	 山东临沂
分宜	 江西新余
分宜县	 江西新余
汾西	 山西临汾
汾西县	 山西临汾
汾阳	 山西吕梁
汾阳市	 山西吕梁
丰城	 江西宜春
丰城市	 江西宜春
丰都	 重庆
丰都县	 重庆
丰林	 黑龙江伊春
丰林县	 黑龙江伊春
丰满	 吉林
丰满区	 吉林
丰南	 河北唐山
丰南区	 河北唐山
丰宁	 河北承德
丰宁满族自治县	 河北承德
丰宁县	 河北承德
丰润	 河北唐山
丰润区	 河北唐山
丰顺	 广东梅州
丰顺县	 广东梅州
丰台	 北京
丰台区	 北京
丰县	 江苏徐州
丰泽	 福建泉州
丰泽区	 福建泉州
丰镇	 内蒙古乌兰察布
丰镇市	 内蒙古乌兰察布
封开	 广东肇庆
封开县	 广东肇庆
封丘	 河南新乡
封丘县	 河南新乡
峰峰矿区	 河北邯郸
凤城市	 辽宁丹东
凤冈	 贵州遵义
凤冈县	 贵州遵义
凤凰县	 湖南湘西
凤庆	 云南临沧
凤庆县	 云南临沧
凤泉	 河南新乡
凤泉区	 河南新乡
凤山县	 广西河池
凤台	 安徽淮南
凤台县	 安徽淮南
凤县	 陕西宝鸡
凤翔区	 陕西宝鸡
凤阳	 安徽滁州
凤阳县	 安徽滁州
奉化	 浙江宁波
奉化区	 浙江宁波
奉节	 重庆
奉节县	 重庆
奉贤	 上海
奉贤区	 上海
奉新	 江西宜春
奉新县	 江西宜春
扶风	 陕西宝鸡
扶风县	 陕西宝鸡
扶沟	 河南周口
扶沟县	 河南周口
扶绥	 广西崇左
扶绥县	 广西崇左
扶余	 吉林松原
扶余市	 吉林松原
芙蓉区	 湖南长沙
佛冈	 广东清远
佛冈县	 广东清远
佛坪	 陕西汉中
佛坪县	 陕西汉中
佛山	 广东
佛山市	 广东
浮梁	 江西景德镇
浮梁县	 江西景德镇
浮山	 山西临汾
浮山县	 山西临汾
涪城	 四川绵阳
涪城区	 四川绵阳
涪陵	 重庆
涪陵区	 重庆
福安	 福建宁德
福安市	 福建宁德
福鼎	 福建宁德
福鼎市	 福建宁德
福贡	 云南怒江
福贡县	 云南怒江
福海县	 新疆阿勒泰
福绵	 广西玉林
福绵区	 广西玉林
福清	 福建福州
福清市	 福建福州
福泉	 贵州黔南
福泉市	 贵州黔南
福山区	 山东烟台
福田区	 广东深圳
福州	 福建
福州市	 福建
抚宁	 河北秦皇岛
抚宁区	 河北秦皇岛
抚顺	 辽宁
抚顺市	 辽宁
抚顺县	 辽宁抚顺
抚松	 吉林白山
抚松县	 吉林白山
抚远	 黑龙江佳木斯
抚远市	 黑龙江佳木斯
抚州	 江西
抚州市	 江西
府谷	 陕西榆林
府谷县	 陕西榆林
阜城	 河北衡水
阜城县	 河北衡水
阜康	 新疆昌吉
阜康市	 新疆昌吉
阜南	 安徽阜阳
阜南县	 安徽阜阳
阜宁	 江苏盐城
阜宁县	 江苏盐城
阜平	 河北保定
阜平县	 河北保定
阜新	 辽宁
阜新蒙古族自治县	 辽宁阜新
阜新市	 辽宁
阜新县	 辽宁阜新
阜阳	 安徽
阜阳市	 安徽
复兴区	 河北邯郸
富川	 广西贺州
富川县	 广西贺州
富川瑶族自治县	 广西贺州
富锦	 黑龙江佳木斯
富锦市	 黑龙江佳木斯
富拉尔基	 黑龙江齐齐哈尔
富拉尔基区	 黑龙江齐齐哈尔
富民县	 云南昆明
富宁	 云南文山
富宁县	 云南文山
富平	 陕西渭南
富平县	 陕西渭南
富顺	 四川自贡
富顺县	 四川自贡
富县	 陕西延安
富阳	 浙江杭州
富阳区	 浙江杭州
富裕县	 黑龙江齐齐哈尔
富源县	 云南曲靖
富蕴	 新疆阿勒泰
富蕴县	 新疆阿勒泰
伽师	 新疆喀什
伽师县	 新疆喀什
噶尔	 西藏阿里
噶尔县	 西藏阿里
改则	 西藏阿里
改则县	 西藏阿里
盖州	 辽宁营口
盖州市	 辽宁营口
甘德	 青海果洛
甘德县	 青海果洛
甘谷	 甘肃天水
甘谷县	 甘肃天水
甘井子	 辽宁大连
甘井子区	 辽宁大连
甘洛	 四川凉山
甘洛县	 四川凉山
甘南	 甘肃
甘南藏族自治州	 甘肃
甘南县	 黑龙江齐齐哈尔
甘泉县	 陕西延安
甘州	 甘肃张掖
甘州区	 甘肃张掖
甘孜	 四川
甘孜藏族自治州	 四川
甘孜县	 四川甘孜
赣县	 江西赣州
赣县区	 江西赣州
赣榆	 江苏连云港
赣榆区	 江苏连云港
赣州	 江西
赣州市	 江西
刚察	 青海海北
刚察县	 青海海北
钢城	 山东济南
钢城区	 山东济南
岗巴	 西藏日喀则
岗巴县	 西藏日喀则
港北	 广西贵港
港北区	 广西贵港
港口区	 广西防城港
港南	 广西贵港
港南区	 广西贵港
皋兰	 甘肃兰州
皋兰县	 甘肃兰州
高安	 江西宜春
高安市	 江西宜春
高碑店	 河北保定
高碑店市	 河北保定
高昌	 新疆吐鲁番
高昌区	 新疆吐鲁番
高淳	 江苏南京
高淳区	 江苏南京
高港	 江苏泰州
高港区	 江苏泰州
高陵	 陕西西安
高陵区	 陕西西安
高密	 山东潍坊
高密市	 山东潍坊
高明区	 广东佛山
高平	 山西晋城
高平市	 山西晋城
高坪	 四川南充
高坪区	 四川南充
高青	 山东淄博
高青县	 山东淄博
高台县	 甘肃张掖
高唐县	 山东聊城
高县	 四川宜宾
高阳县	 河北保定
高要	 广东肇庆
高要区	 广东肇庆
高邑	 河北石家庄
高邑县	 河北石家庄
高邮	 江苏扬州
高邮市	 江苏扬州
高州	 广东茂名
高州市	 广东茂名
藁城	 河北石家庄
藁城区	 河北石家庄
革吉	 西藏阿里
革吉县	 西藏阿里
格尔木	 青海海西
格尔木市	 青海海西
个旧	 云南红河
个旧市	 云南红河
根河	 内蒙古呼伦贝尔
根河市	 内蒙古呼伦贝尔
耿马	 云南临沧
耿马傣族佤族自治县	 云南临沧
耿马县	 云南临沧
工布江达	 西藏林芝
工布江达县	 西藏林芝
工农区	 黑龙江鹤岗
弓长岭	 辽宁辽阳
弓长岭区	 辽宁辽阳
公安县	 湖北荆州
公主岭	 吉林长春
公主岭市	 吉林长春
恭城	 广西桂林
恭城县	 广西桂林
恭城瑶族自治县	 广西桂林
巩留	 新疆伊犁
巩留县	 新疆伊犁
巩义	 河南郑州
巩义市	 河南郑州
拱墅	 浙江杭州
拱墅区	 浙江杭州
珙县	 四川宜宾
共和县	 青海海南
共青城市	 江西九江
贡嘎	 西藏山南
贡嘎县	 西藏山南
贡井	 四川自贡
贡井区	 四川自贡
贡觉	 西藏昌都
贡觉县	 西藏昌都
贡山	 云南怒江
贡山独龙族怒族自治县	 云南怒江
贡山县	 云南怒江
沽源	 河北张家口
沽源县	 河北张家口
姑苏	 江苏苏州
姑苏区	 江苏苏州
古城区	 云南丽江
古交	 山西太原
古交市	 山西太原
古浪	 甘肃武威
古浪县	 甘肃武威
古蔺	 四川泸州
古蔺县	 四川泸州
古塔	 辽宁锦州
古塔区	 辽宁锦州
古田	 福建宁德
古田县	 福建宁德
古县	 山西临汾
古冶	 河北唐山
古冶区	 河北唐山
古丈	 湖南湘西
古丈县	 湖南湘西
谷城	 湖北襄阳
谷城县	 湖北襄阳
固安	 河北廊坊
固安县	 河北廊坊
固始	 河南信阳
固始县	 河南信阳
固阳	 内蒙古包头
固阳县	 内蒙古包头
固原	 宁夏
固原市	 宁夏
固镇	 安徽蚌埠
固镇县	 安徽蚌埠
故城	 河北衡水
故城县	 河北衡水
瓜州	 甘肃酒泉
瓜州县	 甘肃酒泉
关岭	 贵州安顺
关岭布依族苗族自治县	 贵州安顺
关岭县	 贵州安顺
观山湖	 贵州贵阳
观山湖区	 贵州贵阳
观塘区	 香港
官渡区	 云南昆明
冠县	 山东聊城
馆陶	 河北邯郸
馆陶县	 河北邯郸
管城	 河南郑州
管城回族区	 河南郑州
灌南	 江苏连云港
灌南县	 江苏连云港
灌阳	 广西桂林
灌阳县	 广西桂林
灌云	 江苏连云港
灌云县	 江苏连云港
光明区	 广东深圳
光山	 河南信阳
光山县	 河南信阳
光泽	 福建南平
光泽县	 福建南平
广安	 四川
广安区	 四川广安
广安市	 四川
广昌	 江西抚州
广昌县	 江西抚州
广德	 安徽宣城
广德市	 安徽宣城
广丰	 江西上饶
广丰区	 江西上饶
广汉	 四川德阳
广汉市	 四川德阳
广河	 甘肃临夏
广河县	 甘肃临夏
广灵	 山西大同
广灵县	 山西大同
广陵区	 江苏扬州
广南	 云南文山
广南县	 云南文山
广宁	 广东肇庆
广宁县	 广东肇庆
广平	 河北邯郸
广平县	 河北邯郸
广饶	 山东东营
广饶县	 山东东营
广水	 湖北随州
广水市	 湖北随州
广信	 江西上饶
广信区	 江西上饶
广阳	 河北廊坊
广阳区	 河北廊坊
广元	 四川
广元市	 四川
广州	 广东
广州市	 广东
广宗	 河北邢台
广宗县	 河北邢台
贵池	 安徽池州
贵池区	 安徽池州
贵德	 青海海南
贵德县	 青海海南
贵定	 贵州黔南
贵定县	 贵州黔南
贵港	 广西
贵港市	 广西
贵南	 青海海南
贵南县	 青海海南
贵溪	 江西鹰潭
贵溪市	 江西鹰潭
贵阳	 贵州
贵阳市	 贵州
桂东	 湖南郴州
桂东县	 湖南郴州
桂林	 广西
桂林市	 广西
桂平	 广西贵港
桂平市	 广西贵港
桂阳	 湖南郴州
桂阳县	 湖南郴州
果洛	 青海
果洛藏族自治州	 青海
哈巴河	 新疆阿勒泰
哈巴河县	 新疆阿勒泰
哈尔滨	 黑龙江
哈尔滨市	 黑龙江
哈密	 新疆
哈密市	 新疆
海安	 江苏南通
海安市	 江苏南通
海北	 青海
海北藏族自治州	 青海
海勃湾区	 内蒙古乌海
海沧	 福建厦门
海沧区	 福建厦门
海城区	 广西北海
海城市	 辽宁鞍山
海淀	 北京
海淀区	 北京
海东	 青海
海东市	 青海
海丰	 广东汕尾
海丰县	 广东汕尾
海港区	 河北秦皇岛
海口	 海南
海口市	 海南
海拉尔	 内蒙古呼伦贝尔
海拉尔区	 内蒙古呼伦贝尔
海林	 黑龙江牡丹江
海林市	 黑龙江牡丹江
海陵	 江苏泰州
海陵区	 江苏泰州
海伦市	 黑龙江绥化
海门区	 江苏南通
海南	 青海
海南藏族自治州	 青海
海南区	 内蒙古乌海
海宁	 浙江嘉兴
海宁市	 浙江嘉兴
海曙	 浙江宁波
海曙区	 浙江宁波
海棠区	 海南三亚
海西	 青海
海西蒙古族藏族自治州	 青海
海兴	 河北沧州
海兴县	 河北沧州
海盐县	 浙江嘉兴
海晏	 青海海北
海晏县	 青海海北
海阳	 山东烟台
海阳市	 山东烟台
海原	 宁夏中卫
海原县	 宁夏中卫
海珠	 广东广州
海珠区	 广东广州
邗江	 江苏扬州
邗江区	 江苏扬州
邯郸	 河北
邯郸市	 河北
邯山	 河北邯郸
邯山区	 河北邯郸
含山	 安徽马鞍山
含山县	 安徽马鞍山
涵江	 福建莆田
涵江区	 福建莆田
韩城	 陕西渭南
韩城市	 陕西渭南
寒亭	 山东潍坊
寒亭区	 山东潍坊
汉滨	 陕西安康
汉滨区	 陕西安康
汉川	 湖北孝感
汉川市	 湖北孝感
汉南	 湖北武汉
汉南区	 湖北武汉
汉寿	 湖南常德
汉寿县	 湖南常德
汉台	 陕西汉中
汉台区	 陕西汉中
汉阳	 湖北武汉
汉阳区	 湖北武汉
汉阴	 陕西安康
汉阴县	 陕西安康
汉源	 四川雅安
汉源县	 四川雅安
汉中	 陕西
汉中市	 陕西
杭锦后旗	 内蒙古巴彦淖尔
杭锦旗	 内蒙古鄂尔多斯
杭州	 浙江
杭州市	 浙江
濠江	 广东汕头
濠江区	 广东汕头
合川	 重庆
合川区	 重庆
合肥	 安徽
合肥市	 安徽
合江县	 四川泸州
合浦	 广西北海
合浦县	 广西北海
合山	 广西来宾
合山市	 广西来宾
合水	 甘肃庆阳
合水县	 甘肃庆阳
合阳	 陕西渭南
合阳县	 陕西渭南
合作市	 甘肃甘南
和布克赛尔	 新疆塔城
和布克赛尔蒙古自治县	 新疆塔城
和布县	 新疆塔城
和静	 新疆巴音郭楞
和静县	 新疆巴音郭楞
和林格尔	 内蒙古呼和浩特
和林格尔县	 内蒙古呼和浩特
和龙	 吉林延边
和龙市	 吉林延边
和平县	 广东河源
和顺县	 山西晋中
和硕	 新疆巴音郭楞
和硕县	 新疆巴音郭楞
和田	 新疆
和田地区	 新疆
和田市	 新疆和田
和田县	 新疆和田
和县	 安徽马鞍山
和政县	 甘肃临夏
河北区	 天津
河池	 广西
河池市	 广西
河间市	 河北沧州
河津	 山西运城
河津市	 山西运城
河口区	 山东东营
河口县	 云南红河
河口瑶族自治县	 云南红河
河南蒙古族自治县	 青海黄南
河南县	 青海黄南
河曲县	 山西忻州
河西区	 天津
河源	 广东
河源市	 广东
荷塘区	 湖南株洲
菏泽	 山东
菏泽市	 山东
贺兰	 宁夏银川
贺兰县	 宁夏银川
贺州	 广西
贺州市	 广西
赫山	 湖南益阳
赫山区	 湖南益阳
赫章	 贵州毕节
赫章县	 贵州毕节
鹤壁	 河南
鹤壁市	 河南
鹤城	 湖南怀化
鹤城区	 湖南怀化
鹤峰	 湖北恩施
鹤峰县	 湖北恩施
鹤岗	 黑龙江
鹤岗市	 黑龙江
鹤庆	 云南大理
鹤庆县	 云南大理
鹤山区	 河南鹤壁
鹤山市	 广东江门
黑河	 黑龙江
黑河市	 黑龙江
黑山县	 辽宁锦州
黑水县	 四川阿坝
恒山区	 黑龙江鸡西
横峰	 江西上饶
横峰县	 江西上饶
横山区	 陕西榆林
横州	 广西南宁
横州市	 广西南宁
衡东	 湖南衡阳
衡东县	 湖南衡阳
衡南	 湖南衡阳
衡南县	 湖南衡阳
衡山	 湖南衡阳
衡山县	 湖南衡阳
衡水	 河北
衡水市	 河北
衡阳	 湖南
衡阳市	 湖南
衡阳县	 湖南衡阳
红安	 湖北黄冈
红安县	 湖北黄冈
红岗	 黑龙江大庆
红岗区	 黑龙江大庆
红古	 甘肃兰州
红古区	 甘肃兰州
红谷滩	 江西南昌
红谷滩区	 江西南昌
红河	 云南
红河哈尼族彝族自治州	 云南
红河县	 云南红河
红花岗	 贵州遵义
红花岗区	 贵州遵义
红旗区	 河南新乡
红桥区	 天津
红山区	 内蒙古赤峰
红寺堡	 宁夏吴忠
红寺堡区	 宁夏吴忠
红塔	 云南玉溪
红塔区	 云南玉溪
红原	 四川阿坝
红原县	 四川阿坝
宏伟区	 辽宁辽阳
虹口	 上海
虹口区	 上海
洪洞	 山西临汾
洪洞县	 山西临汾
洪湖	 湖北荆州
洪湖市	 湖北荆州
洪江	 湖南怀化
洪江市	 湖南怀化
洪山	 湖北武汉
洪山区	 湖北武汉
洪雅	 四川眉山
洪雅县	 四川眉山
洪泽	 江苏淮安
洪泽区	 江苏淮安
侯马	 山西临汾
侯马市	 山西临汾
呼和浩特	 内蒙古
呼和浩特市	 内蒙古
呼兰	 黑龙江哈尔滨
呼兰区	 黑龙江哈尔滨
呼伦贝尔	 内蒙古
呼伦贝尔市	 内蒙古
呼玛	 黑龙江大兴安岭
呼玛县	 黑龙江大兴安岭
呼图壁	 新疆昌吉
呼图壁县	 新疆昌吉
胡杨河	 新疆
胡杨河市	 新疆
壶关	 山西长治
壶关县	 山西长治
葫芦岛	 辽宁
葫芦岛市	 辽宁
湖滨区	 河南三门峡
湖口	 江西九江
湖口县	 江西九江
湖里区	 福建厦门
湖州	 浙江
湖州市	 浙江
虎林	 黑龙江鸡西
虎林市	 黑龙江鸡西
虎丘	 江苏苏州
虎丘区	 江苏苏州
互助土族自治县	 青海海东
互助县	 青海海东
鄠邑	 陕西西安
鄠邑区	 陕西西安
花都	 广东广州
花都区	 广东广州
花山区	 安徽马鞍山
花溪区	 贵州贵阳
花垣	 湖南湘西
花垣县	 湖南湘西
华安县	 福建漳州
华池	 甘肃庆阳
华池县	 甘肃庆阳
华龙	 河南濮阳
华龙区	 河南濮阳
华宁	 云南玉溪
华宁县	 云南玉溪
华坪	 云南丽江
华坪县	 云南丽江
华容区	 湖北鄂州
华容县	 湖南岳阳
华亭市	 甘肃平凉
华阴	 陕西渭南
华阴市	 陕西渭南
华蓥	 四川广安
华蓥市	 四川广安
华州	 陕西渭南
华州区	 陕西渭南
滑县	 河南安阳
化德	 内蒙古乌兰察布
化德县	 内蒙古乌兰察布
化隆	 青海海东
化隆回族自治县	 青海海东
化隆县	 青海海东
化州	 广东茂名
化州市	 广东茂名
桦川	 黑龙江佳木斯
桦川县	 黑龙江佳木斯
桦甸	 吉林
桦甸市	 吉林
桦南	 黑龙江佳木斯
桦南县	 黑龙江佳木斯
怀安	 河北张家口
怀安县	 河北张家口
怀化	 湖南
怀化市	 湖南
怀集	 广东肇庆
怀集县	 广东肇庆
怀来	 河北张家口
怀来县	 河北张家口
怀宁	 安徽安庆
怀宁县	 安徽安庆
怀仁	 山西朔州
怀仁市	 山西朔州
怀柔	 北京
怀柔区	 北京
怀远	 安徽蚌埠
怀远县	 安徽蚌埠
淮安	 江苏
淮安区	 江苏淮安
淮安市	 江苏
淮北	 安徽
淮北市	 安徽
淮滨	 河南信阳
淮滨县	 河南信阳
淮南	 安徽
淮南市	 安徽
淮上	 安徽蚌埠
淮上区	 安徽蚌埠
淮阳	 河南周口
淮阳区	 河南周口
淮阴	 江苏淮安
淮阴区	 江苏淮安
槐荫	 山东济南
槐荫区	 山东济南
环翠	 山东威海
环翠区	 山东威海
环江	 广西河池
环江毛南族自治县	 广西河池
环江县	 广西河池
环县	 甘肃庆阳
桓仁	 辽宁本溪
桓仁满族自治县	 辽宁本溪
桓仁县	 辽宁本溪
桓台	 山东淄博
桓台县	 山东淄博
皇姑	 辽宁沈阳
皇姑区	 辽宁沈阳
黄陂	 湖北武汉
黄陂区	 湖北武汉
黄大仙区	 香港
黄岛区	 山东青岛
黄冈	 湖北
黄冈市	 湖北
黄骅	 河北沧州
黄骅市	 河北沧州
黄陵	 陕西延安
黄陵县	 陕西延安
黄龙县	 陕西延安
黄梅县	 湖北黄冈
黄南	 青海
黄南藏族自治州	 青海
黄平	 贵州黔东南
黄平县	 贵州黔东南
黄埔	 广东广州
黄埔区	 广东广州
黄浦	 上海
黄浦区	 上海
黄山	 安徽
黄山区	 安徽黄山
黄山市	 安徽
黄石	 湖北
黄石港	 湖北黄石
黄石港区	 湖北黄石
黄石市	 湖北
黄岩	 浙江台州
黄岩区	 浙江台州
黄州	 湖北黄冈
黄州区	 湖北黄冈
湟源	 青海西宁
湟源县	 青海西宁
湟中	 青海西宁
湟中区	 青海西宁
潢川	 河南信阳
潢川县	 河南信阳
珲春	 吉林延边
珲春市	 吉林延边
辉南	 吉林通化
辉南县	 吉林通化
辉县	 河南新乡
辉县市	 河南新乡
徽县	 甘肃陇南
徽州	 安徽黄山
徽州区	 安徽黄山
回民区	 内蒙古呼和浩特
汇川	 贵州遵义
汇川区	 贵州遵义
会昌	 江西赣州
会昌县	 江西赣州
会东	 四川凉山
会东县	 四川凉山
会理	 四川凉山
会理市	 四川凉山
会宁	 甘肃白银
会宁县	 甘肃白银
会同县	 湖南怀化
会泽	 云南曲靖
会泽县	 云南曲靖
惠安	 福建泉州
惠安县	 福建泉州
惠城	 广东惠州
惠城区	 广东惠州
惠东	 广东惠州
惠东县	 广东惠州
惠济	 河南郑州
惠济区	 河南郑州
惠来	 广东揭阳
惠来县	 广东揭阳
惠民县	 山东滨州
惠农	 宁夏石嘴山
惠农区	 宁夏石嘴山
惠山	 江苏无锡
惠山区	 江苏无锡
惠水	 贵州黔南
惠水县	 贵州黔南
惠阳	 广东惠州
惠阳区	 广东惠州
惠州	 广东
惠州市	 广东
浑江	 吉林白山
浑江区	 吉林白山
浑南	 辽宁沈阳
浑南区	 辽宁沈阳
浑源	 山西大同
浑源县	 山西大同
获嘉	 河南新乡
获嘉县	 河南新乡
霍城	 新疆伊犁
霍城县	 新疆伊犁
霍尔果斯	 新疆伊犁
霍尔果斯市	 新疆伊犁
霍林郭勒	 内蒙古通辽
霍林郭勒市	 内蒙古通辽
霍邱	 安徽六安
霍邱县	 安徽六安
霍山	 安徽六安
霍山县	 安徽六安
霍州	 山西临汾
霍州市	 山西临汾
鸡东	 黑龙江鸡西
鸡东县	 黑龙江鸡西
鸡冠区	 黑龙江鸡西
鸡西	 黑龙江
鸡西市	 黑龙江
鸡泽	 河北邯郸
鸡泽县	 河北邯郸
积石山	 甘肃临夏
积石山保安族东乡族撒拉族自治县	 甘肃临夏
积石山县	 甘肃临夏
吉安	 江西
吉安市	 江西
吉安县	 江西吉安
吉隆县	 西藏日喀则
吉木乃	 新疆阿勒泰
吉木乃县	 新疆阿勒泰
吉木萨尔	 新疆昌吉
吉木萨尔县	 新疆昌吉
吉首	 湖南湘西
吉首市	 湖南湘西
吉水	 江西吉安
吉水县	 江西吉安
吉县	 山西临汾
吉阳	 海南三亚
吉阳区	 海南三亚
吉州	 江西吉安
吉州区	 江西吉安
即墨	 山东青岛
即墨区	 山东青岛
集安	 吉林通化
集安市	 吉林通化
集美区	 福建厦门
集宁	 内蒙古乌兰察布
集宁区	 内蒙古乌兰察布
集贤	 黑龙江双鸭山
集贤县	 黑龙江双鸭山
济南	 山东
济南市	 山东
济宁	 山东
济宁市	 山东
济阳	 山东济南
济阳区	 山东济南
济源	 河南
济源市	 河南
绩溪	 安徽宣城
绩溪县	 安徽宣城
蓟州	 天津
蓟州区	 天津
稷山	 山西运城
稷山县	 山西运城
冀州	 河北衡水
冀州区	 河北衡水
加查	 西藏山南
加查县	 西藏山南
夹江	 四川乐山
夹江县	 四川乐山
佳木斯	 黑龙江
佳木斯市	 黑龙江
佳县	 陕西榆林
嘉定	 上海
嘉定区	 上海
嘉禾县	 湖南郴州
嘉黎	 西藏那曲
嘉黎县	 西藏那曲
嘉陵	 四川南充
嘉陵区	 四川南充
嘉善	 浙江嘉兴
嘉善县	 浙江嘉兴
嘉祥	 山东济宁
嘉祥县	 山东济宁
嘉兴	 浙江
嘉兴市	 浙江
嘉荫	 黑龙江伊春
嘉荫县	 黑龙江伊春
嘉鱼	 湖北咸宁
嘉鱼县	 湖北咸宁
郏县	 河南平顶山
贾汪	 江苏徐州
贾汪区	 江苏徐州
尖草坪	 山西太原
尖草坪区	 山西太原
尖山区	 黑龙江双鸭山
尖扎	 青海黄南
尖扎县	 青海黄南
监利	 湖北荆州
监利市	 湖北荆州
犍为	 四川乐山
犍为县	 四川乐山
简阳	 四川成都
简阳市	 四川成都
建安区	 河南许昌
建昌	 辽宁葫芦岛
建昌县	 辽宁葫芦岛
建德市	 浙江杭州
建湖	 江苏盐城
建湖县	 江苏盐城
建华区	 黑龙江齐齐哈尔
建宁	 福建三明
建宁县	 福建三明
建瓯	 福建南平
建瓯市	 福建南平
建平县	 辽宁朝阳
建始	 湖北恩施
建始县	 湖北恩施
建水县	 云南红河
建阳	 福建南平
建阳区	 福建南平
建邺	 江苏南京
建邺区	 江苏南京
剑川	 云南大理
剑川县	 云南大理
剑阁县	 四川广元
剑河	 贵州黔东南
剑河县	 贵州黔东南
涧西	 河南洛阳
涧西区	 河南洛阳
江安县	 四川宜宾
江岸	 湖北武汉
江岸区	 湖北武汉
江城哈尼族彝族自治县	 云南普洱
江城区	 广东阳江
江城县	 云南普洱
江川	 云南玉溪
江川区	 云南玉溪
江达	 西藏昌都
江达县	 西藏昌都
江都	 江苏扬州
江都区	 江苏扬州
江海区	 广东江门
江汉	 湖北武汉
江汉区	 湖北武汉
江华	 湖南永州
江华县	 湖南永州
江华瑶族自治县	 湖南永州
江津区	 重庆
江口县	 贵州铜仁
江陵	 湖北荆州
江陵县	 湖北荆州
江门	 广东
江门市	 广东
江南区	 广西南宁
江宁	 江苏南京
江宁区	 江苏南京
江山市	 浙江衢州
江夏	 湖北武汉
江夏区	 湖北武汉
江阳区	 四川泸州
江阴	 江苏无锡
江阴市	 江苏无锡
江永	 湖南永州
江永县	 湖南永州
江油	 四川绵阳
江油市	 四川绵阳
江源	 吉林白山
江源区	 吉林白山
江州区	 广西崇左
江孜	 西藏日喀则
江孜县	 西藏日喀则
将乐	 福建三明
将乐县	 福建三明
姜堰	 江苏泰州
姜堰区	 江苏泰州
绛县	 山西运城
交城	 山西吕梁
交城县	 山西吕梁
交口县	 山西吕梁
胶州	 山东青岛
胶州市	 山东青岛
椒江	 浙江台州
椒江区	 浙江台州
蛟河	 吉林
蛟河市	 吉林
焦作	 河南
焦作市	 河南
蕉城	 福建宁德
蕉城区	 福建宁德
蕉岭	 广东梅州
蕉岭县	 广东梅州
揭东	 广东揭阳
揭东区	 广东揭阳
揭西	 广东揭阳
揭西县	 广东揭阳
揭阳	 广东
揭阳市	 广东
解放区	 河南焦作
介休	 山西晋中
介休市	 山西晋中
界首	 安徽阜阳
界首市	 安徽阜阳
金安	 安徽六安
金安区	 安徽六安
金昌	 甘肃
金昌市	 甘肃
金城江	 广西河池
金城江区	 广西河池
金川	 甘肃金昌
金川区	 甘肃金昌
金川县	 四川阿坝
金东	 浙江金华
金东区	 浙江金华
金凤区	 宁夏银川
金湖	 江苏淮安
金湖县	 江苏淮安
金华	 浙江
金华市	 浙江
金口河	 四川乐山
金口河区	 四川乐山
金林	 黑龙江伊春
金林区	 黑龙江伊春
金门县	 福建泉州
金牛区	 四川成都
金平苗族瑶族傣族自治县	 云南红河
金平区	 广东汕头
金平县	 云南红河
金沙县	 贵州毕节
金山区	 上海
金水区	 河南郑州
金塔县	 甘肃酒泉
金台区	 陕西宝鸡
金坛	 江苏常州
金坛区	 江苏常州
金堂县	 四川成都
金湾	 广东珠海
金湾区	 广东珠海
金溪	 江西抚州
金溪县	 江西抚州
金乡	 山东济宁
金乡县	 山东济宁
金秀	 广西来宾
金秀县	 广西来宾
金秀瑶族自治县	 广西来宾
金阳县	 四川凉山
金寨	 安徽六安
金寨县	 安徽六安
金州	 辽宁大连
金州区	 辽宁大连
津南	 天津
津南区	 天津
津市	 湖南常德
津市市	 湖南常德
锦江区	 四川成都
锦屏	 贵州黔东南
锦屏县	 贵州黔东南
锦州	 辽宁
锦州市	 辽宁
进贤	 江西南昌
进贤县	 江西南昌
晋安	 福建福州
晋安区	 福建福州
晋城	 山西
晋城市	 山西
晋江	 福建泉州
晋江市	 福建泉州
晋宁	 云南昆明
晋宁区	 云南昆明
晋源	 山西太原
晋源区	 山西太原
晋中	 山西
晋中市	 山西
晋州	 河北石家庄
晋州市	 河北石家庄
缙云	 浙江丽水
缙云县	 浙江丽水
京口	 江苏镇江
京口区	 江苏镇江
京山	 湖北荆门
京山市	 湖北荆门
泾川	 甘肃平凉
泾川县	 甘肃平凉
泾县	 安徽宣城
泾阳	 陕西咸阳
泾阳县	 陕西咸阳
泾源	 宁夏固原
泾源县	 宁夏固原
荆门	 湖北
荆门市	 湖北
荆州	 湖北
荆州区	 湖北荆州
荆州市	 湖北
旌德	 安徽宣城
旌德县	 安徽宣城
旌阳	 四川德阳
旌阳区	 四川德阳
精河	 新疆博尔塔拉
精河县	 新疆博尔塔拉
井冈山	 江西吉安
井冈山市	 江西吉安
井陉	 河北石家庄
井陉矿区	 河北石家庄
井陉县	 河北石家庄
井研	 四川乐山
井研县	 四川乐山
景德镇	 江西
景德镇市	 江西
景东	 云南普洱
景东县	 云南普洱
景东彝族自治县	 云南普洱
景谷	 云南普洱
景谷傣族彝族自治县	 云南普洱
景谷县	 云南普洱
景洪	 云南西双版纳
景洪市	 云南西双版纳
景宁	 浙江丽水
景宁畲族自治县	 浙江丽水
景宁县	 浙江丽水
景泰	 甘肃白银
景泰县	 甘肃白银
景县	 河北衡水
竞秀	 河北保定
竞秀区	 河北保定
靖安	 江西宜春
靖安县	 江西宜春
靖边	 陕西榆林
靖边县	 陕西榆林
靖江	 江苏泰州
靖江市	 江苏泰州
靖西	 广西百色
靖西市	 广西百色
靖宇	 吉林白山
靖宇县	 吉林白山
靖远	 甘肃白银
靖远县	 甘肃白银
靖州	 湖南怀化
靖州苗族侗族自治县	 湖南怀化
靖州县	 湖南怀化
静安	 上海
静安区	 上海
静海	 天津
静海区	 天津
静乐	 山西忻州
静乐县	 山西忻州
静宁	 甘肃平凉
静宁县	 甘肃平凉
镜湖	 安徽芜湖
镜湖区	 安徽芜湖
鸠江	 安徽芜湖
鸠江区	 安徽芜湖
九江	 江西
九江市	 江西
九龙城区	 香港
九龙坡	 重庆
九龙坡区	 重庆
九龙县	 四川甘孜
九台	 吉林长春
九台区	 吉林长春
九原	 内蒙古包头
九原区	 内蒙古包头
九寨沟	 四川阿坝
九寨沟县	 四川阿坝
久治	 青海果洛
久治县	 青海果洛
酒泉	 甘肃
酒泉市	 甘肃
莒南	 山东临沂
莒南县	 山东临沂
莒县	 山东日照
巨鹿县	 河北邢台
巨野	 山东菏泽
巨野县	 山东菏泽
句容	 江苏镇江
句容市	 江苏镇江
鄄城	 山东菏泽
鄄城县	 山东菏泽
君山	 湖南岳阳
君山区	 湖南岳阳
浚县	 河南鹤壁
喀喇沁旗	 内蒙古赤峰
喀喇沁左翼	 辽宁朝阳
喀喇沁左翼蒙古族自治县	 辽宁朝阳
喀喇沁左翼县	 辽宁朝阳
喀什	 新疆
喀什地区	 新疆
喀什市	 新疆喀什
卡若	 西藏昌都
卡若区	 西藏昌都
开封	 河南
开封市	 河南
开福	 湖南长沙
开福区	 湖南长沙
开化县	 浙江衢州
开江	 四川达州
开江县	 四川达州
开鲁	 内蒙古通辽
开鲁县	 内蒙古通辽
开平区	 河北唐山
开平市	 广东江门
开阳	 贵州贵阳
开阳县	 贵州贵阳
开原	 辽宁铁岭
开原市	 辽宁铁岭
开远	 云南红河
开远市	 云南红河
开州	 重庆
开州区	 重庆
凯里	 贵州黔东南
凯里市	 贵州黔东南
康巴什	 内蒙古鄂尔多斯
康巴什区	 内蒙古鄂尔多斯
康保	 河北张家口
康保县	 河北张家口
康定	 四川甘孜
康定市	 四川甘孜
康乐县	 甘肃临夏
康马	 西藏日喀则
康马县	 西藏日喀则
康平	 辽宁沈阳
康平县	 辽宁沈阳
康县	 甘肃陇南
柯城	 浙江衢州
柯城区	 浙江衢州
柯坪	 新疆阿克苏
柯坪县	 新疆阿克苏
柯桥	 浙江绍兴
柯桥区	 浙江绍兴
科尔沁	 内蒙古通辽
科尔沁区	 内蒙古通辽
科尔沁右翼前旗	 内蒙古兴安盟
科尔沁右翼中旗	 内蒙古兴安盟
科尔沁左翼后旗	 内蒙古通辽
科尔沁左翼中旗	 内蒙古通辽
可克达拉	 新疆
可克达拉市	 新疆
岢岚	 山西忻州
岢岚县	 山西忻州
克东	 黑龙江齐齐哈尔
克东县	 黑龙江齐齐哈尔
克拉玛依	 新疆
克拉玛依区	 新疆克拉玛依
克拉玛依市	 新疆
克山	 黑龙江齐齐哈尔
克山县	 黑龙江齐齐哈尔
克什克腾旗	 内蒙古赤峰
克孜勒苏柯尔克孜	 新疆
克孜勒苏柯尔克孜自治州	 新疆
垦利	 山东东营
垦利区	 山东东营
崆峒	 甘肃平凉
崆峒区	 甘肃平凉
库车	 新疆阿克苏
库车市	 新疆阿克苏
库尔勒	 新疆巴音郭楞
库尔勒市	 新疆巴音郭楞
库伦旗	 内蒙古通辽
宽城满族自治县	 河北承德
宽城区	 吉林长春
宽城县	 河北承德
宽甸	 辽宁丹东
宽甸满族自治县	 辽宁丹东
宽甸县	 辽宁丹东
奎屯	 新疆伊犁
奎屯市	 新疆伊犁
奎文	 山东潍坊
奎文区	 山东潍坊
葵青	 香港
葵青区	 香港
昆都仑	 内蒙古包头
昆都仑区	 内蒙古包头
昆明	 云南
昆明市	 云南
昆山	 江苏苏州
昆山市	 江苏苏州
昆玉	 新疆
昆玉市	 新疆
拉萨	 西藏
拉萨市	 西藏
拉孜	 西藏日喀则
拉孜县	 西藏日喀则
来安	 安徽滁州
来安县	 安徽滁州
来宾	 广西
来宾市	 广西
来凤	 湖北恩施
来凤县	 湖北恩施
莱山	 山东烟台
莱山区	 山东烟台
莱芜	 山东济南
莱芜区	 山东济南
莱西	 山东青岛
莱西市	 山东青岛
莱阳	 山东烟台
莱阳市	 山东烟台
莱州	 山东烟台
莱州市	 山东烟台
涞水	 河北保定
涞水县	 河北保定
涞源	 河北保定
涞源县	 河北保定
兰考	 河南开封
兰考县	 河南开封
兰陵县	 山东临沂
兰坪	 云南怒江
兰坪白族普米族自治县	 云南怒江
兰坪县	 云南怒江
兰山区	 山东临沂
兰西	 黑龙江绥化
兰西县	 黑龙江绥化
兰溪	 浙江金华
兰溪市	 浙江金华
兰州	 甘肃
兰州市	 甘肃
岚皋	 陕西安康
岚皋县	 陕西安康
岚山	 山东日照
岚山区	 山东日照
岚县	 山西吕梁
蓝山	 湖南永州
蓝山县	 湖南永州
蓝田县	 陕西西安
澜沧	 云南普洱
澜沧拉祜族自治县	 云南普洱
澜沧县	 云南普洱
郎溪	 安徽宣城
郎溪县	 安徽宣城
阆中	 四川南充
阆中市	 四川南充
琅琊	 安徽滁州
琅琊区	 安徽滁州
廊坊	 河北
廊坊市	 河北
朗县	 西藏林芝
浪卡子	 西藏山南
浪卡子县	 西藏山南
崂山	 山东青岛
崂山区	 山东青岛
老边	 辽宁营口
老边区	 辽宁营口
老河口	 湖北襄阳
老河口市	 湖北襄阳
乐安	 江西抚州
乐安县	 江西抚州
乐昌	 广东韶关
乐昌市	 广东韶关
乐东	 海南
乐东黎族自治县	 海南
乐东县	 海南
乐都	 青海海东
乐都区	 青海海东
乐陵	 山东德州
乐陵市	 山东德州
乐平	 江西景德镇
乐平市	 江西景德镇
乐清	 浙江温州
乐清市	 浙江温州
乐山	 四川
乐山市	 四川
乐亭	 河北唐山
乐亭县	 河北唐山
乐业	 广西百色
乐业县	 广西百色
乐至	 四川资阳
乐至县	 四川资阳
雷波	 四川凉山
雷波县	 四川凉山
雷山	 贵州黔东南
雷山县	 贵州黔东南
雷州	 广东湛江
雷州市	 广东湛江
耒阳	 湖南衡阳
耒阳市	 湖南衡阳
类乌齐	 西藏昌都
类乌齐县	 西藏昌都
冷水江	 湖南娄底
冷水江市	 湖南娄底
冷水滩	 湖南永州
冷水滩区	 湖南永州
离岛区	 香港
离石	 山西吕梁
离石区	 山西吕梁
梨树区	 黑龙江鸡西
梨树县	 吉林四平
黎城	 山西长治
黎城县	 山西长治
黎川	 江西抚州
黎川县	 江西抚州
黎平	 贵州黔东南
黎平县	 贵州黔东南
蠡县	 河北保定
礼泉	 陕西咸阳
礼泉县	 陕西咸阳
礼县	 甘肃陇南
李沧	 山东青岛
李沧区	 山东青岛
理塘	 四川甘孜
理塘县	 四川甘孜
理县	 四川阿坝
鲤城	 福建泉州
鲤城区	 福建泉州
澧县	 湖南常德
醴陵	 湖南株洲
醴陵市	 湖南株洲
历城	 山东济南
历城区	 山东济南
历下	 山东济南
历下区	 山东济南
立山	 辽宁鞍山
立山区	 辽宁鞍山
丽江	 云南
丽江市	 云南
丽水	 浙江
丽水市	 浙江
利川	 湖北恩施
利川市	 湖北恩施
利津	 山东东营
利津县	 山东东营
利通	 宁夏吴忠
利通区	 宁夏吴忠
利辛	 安徽亳州
利辛县	 安徽亳州
利州	 四川广元
利州区	 四川广元
荔波	 贵州黔南
荔波县	 贵州黔南
荔城	 福建莆田
荔城区	 福建莆田
荔浦	 广西桂林
荔浦市	 广西桂林
荔湾	 广东广州
荔湾区	 广东广州
溧水	 江苏南京
溧水区	 江苏南京
溧阳	 江苏常州
溧阳市	 江苏常州
连城县	 福建龙岩
连江	 福建福州
连江县	 福建福州
连南	 广东清远
连南县	 广东清远
连南瑶族自治县	 广东清远
连平	 广东河源
连平县	 广东河源
连山区	 辽宁葫芦岛
连山县	 广东清远
连山壮族瑶族自治县	 广东清远
连云港	 江苏
连云港市	 江苏
连云区	 江苏连云港
连州	 广东清远
连州市	 广东清远
莲池	 河北保定
莲池区	 河北保定
莲都	 浙江丽水
莲都区	 浙江丽水
莲湖	 陕西西安
莲湖区	 陕西西安
莲花县	 江西萍乡
涟水	 江苏淮安
涟水县	 江苏淮安
涟源	 湖南娄底
涟源市	 湖南娄底
廉江	 广东湛江
廉江市	 广东湛江
濂溪	 江西九江
濂溪区	 江西九江
良庆	 广西南宁
良庆区	 广西南宁
凉城	 内蒙古乌兰察布
凉城县	 内蒙古乌兰察布
凉山	 四川
凉山彝族自治州	 四川
凉州	 甘肃武威
凉州区	 甘肃武威
梁河	 云南德宏
梁河县	 云南德宏
梁平	 重庆
梁平区	 重庆
梁山县	 山东济宁
梁溪	 江苏无锡
梁溪区	 江苏无锡
梁园	 河南商丘
梁园区	 河南商丘
梁子湖	 湖北鄂州
梁子湖区	 湖北鄂州
两当	 甘肃陇南
两当县	 甘肃陇南
辽阳	 辽宁
辽阳市	 辽宁
辽阳县	 辽宁辽阳
辽源	 吉林
辽源市	 吉林
辽中	 辽宁沈阳
辽中区	 辽宁沈阳
聊城	 山东
聊城市	 山东
烈山	 安徽淮北
烈山区	 安徽淮北
邻水	 四川广安
邻水县	 四川广安
林甸	 黑龙江大庆
林甸县	 黑龙江大庆
林口县	 黑龙江牡丹江
林西	 内蒙古赤峰
林西县	 内蒙古赤峰
林芝	 西藏
林芝市	 西藏
林州	 河南安阳
林州市	 河南安阳
林周	 西藏拉萨
林周县	 西藏拉萨
临安	 浙江杭州
临安区	 浙江杭州
临沧	 云南
临沧市	 云南
临城	 河北邢台
临城县	 河北邢台
临川	 江西抚州
临川区	 江西抚州
临汾	 山西
临汾市	 山西
临高县	 海南
临桂	 广西桂林
临桂区	 广西桂林
临海	 浙江台州
临海市	 浙江台州
临河	 内蒙古巴彦淖尔
临河区	 内蒙古巴彦淖尔
临江市	 吉林白山
临澧	 湖南常德
临澧县	 湖南常德
临平	 浙江杭州
临平区	 浙江杭州
临清	 山东聊城
临清市	 山东聊城
临朐	 山东潍坊
临朐县	 山东潍坊
临泉	 安徽阜阳
临泉县	 安徽阜阳
临沭	 山东临沂
临沭县	 山东临沂
临潭	 甘肃甘南
临潭县	 甘肃甘南
临洮	 甘肃定西
临洮县	 甘肃定西
临潼	 陕西西安
临潼区	 陕西西安
临渭	 陕西渭南
临渭区	 陕西渭南
临武	 湖南郴州
临武县	 湖南郴州
临西	 河北邢台
临西县	 河北邢台
临夏	 甘肃
临夏回族自治州	 甘肃
临夏市	 甘肃临夏
临夏县	 甘肃临夏
临县	 山西吕梁
临湘	 湖南岳阳
临湘市	 湖南岳阳
临翔	 云南临沧
临翔区	 云南临沧
临猗	 山西运城
临猗县	 山西运城
临沂	 山东
临沂市	 山东
临邑	 山东德州
临邑县	 山东德州
临颍	 河南漯河
临颍县	 河南漯河
临泽	 甘肃张掖
临泽县	 甘肃张掖
临漳	 河北邯郸
临漳县	 河北邯郸
临淄	 山东淄博
临淄区	 山东淄博
麟游	 陕西宝鸡
麟游县	 陕西宝鸡
灵宝市	 河南三门峡
灵璧	 安徽宿州
灵璧县	 安徽宿州
灵川	 广西桂林
灵川县	 广西桂林
灵丘	 山西大同
灵丘县	 山西大同
灵山县	 广西钦州
灵石县	 山西晋中
灵寿县	 河北石家庄
灵台县	 甘肃平凉
灵武	 宁夏银川
灵武市	 宁夏银川
凌海	 辽宁锦州
凌海市	 辽宁锦州
凌河	 辽宁锦州
凌河区	 辽宁锦州
凌源	 辽宁朝阳
凌源市	 辽宁朝阳
凌云县	 广西百色
陵城	 山东德州
陵城区	 山东德州
陵川	 山西晋城
陵川县	 山西晋城
陵水	 海南
陵水黎族自治县	 海南
陵水县	 海南
零陵	 湖南永州
零陵区	 湖南永州
岭东	 黑龙江双鸭山
岭东区	 黑龙江双鸭山
浏阳	 湖南长沙
浏阳市	 湖南长沙
留坝	 陕西汉中
留坝县	 陕西汉中
柳北	 广西柳州
柳北区	 广西柳州
柳城	 广西柳州
柳城县	 广西柳州
柳河	 吉林通化
柳河县	 吉林通化
柳江	 广西柳州
柳江区	 广西柳州
柳林县	 山西吕梁
柳南	 广西柳州
柳南区	 广西柳州
柳州	 广西
柳州市	 广西
六安	 安徽
六安市	 安徽
六合区	 江苏南京
六盘水	 贵州
六盘水市	 贵州
六枝	 贵州六盘水
六枝特区	 贵州六盘水
龙安	 河南安阳
龙安区	 河南安阳
龙城区	 辽宁朝阳
龙川	 广东河源
龙川县	 广东河源
龙凤区	 黑龙江大庆
龙岗	 广东深圳
龙岗区	 广东深圳
龙港区	 辽宁葫芦岛
龙港市	 浙江温州
龙海	 福建漳州
龙海区	 福建漳州
龙湖区	 广东汕头
龙江	 黑龙江齐齐哈尔
龙江县	 黑龙江齐齐哈尔
龙井市	 吉林延边
龙口市	 山东烟台
龙里	 贵州黔南
龙里县	 贵州黔南
龙陵	 云南保山
龙陵县	 云南保山
龙马潭	 四川泸州
龙马潭区	 四川泸州
龙门县	 广东惠州
龙南	 江西赣州
龙南市	 江西赣州
龙泉市	 浙江丽水
龙泉驿区	 四川成都
龙沙	 黑龙江齐齐哈尔
龙沙区	 黑龙江齐齐哈尔
龙山区	 吉林辽源
龙山县	 湖南湘西
龙胜	 广西桂林
龙胜各族自治县	 广西桂林
龙胜县	 广西桂林
龙潭区	 吉林
龙亭	 河南开封
龙亭区	 河南开封
龙湾区	 浙江温州
龙圩	 广西梧州
龙圩区	 广西梧州
龙文	 福建漳州
龙文区	 福建漳州
龙岩	 福建
龙岩市	 福建
龙游	 浙江衢州
龙游县	 浙江衢州
龙州	 广西崇左
龙州县	 广西崇左
龙子湖	 安徽蚌埠
龙子湖区	 安徽蚌埠
隆安	 广西南宁
隆安县	 广西南宁
隆昌	 四川内江
隆昌市	 四川内江
隆德	 宁夏固原
隆德县	 宁夏固原
隆化	 河北承德
隆化县	 河北承德
隆回	 湖南邵阳
隆回县	 湖南邵阳
隆林	 广西百色
隆林各族自治县	 广西百色
隆林县	 广西百色
隆阳	 云南保山
隆阳区	 云南保山
隆尧	 河北邢台
隆尧县	 河北邢台
隆子	 西藏山南
隆子县	 西藏山南
陇川	 云南德宏
陇川县	 云南德宏
陇南	 甘肃
陇南市	 甘肃
陇西	 甘肃定西
陇西县	 甘肃定西
陇县	 陕西宝鸡
娄底	 湖南
娄底市	 湖南
娄烦	 山西太原
娄烦县	 山西太原
娄星	 湖南娄底
娄星区	 湖南娄底
卢龙	 河北秦皇岛
卢龙县	 河北秦皇岛
卢氏	 河南三门峡
卢氏县	 河南三门峡
芦山	 四川雅安
芦山县	 四川雅安
芦淞	 湖南株洲
芦淞区	 湖南株洲
芦溪	 江西萍乡
芦溪县	 江西萍乡
庐江	 安徽合肥
庐江县	 安徽合肥
庐山	 江西九江
庐山市	 江西九江
庐阳	 安徽合肥
庐阳区	 安徽合肥
炉霍	 四川甘孜
炉霍县	 四川甘孜
泸定	 四川甘孜
泸定县	 四川甘孜
泸水	 云南怒江
泸水市	 云南怒江
泸西	 云南红河
泸西县	 云南红河
泸溪	 湖南湘西
泸溪县	 湖南湘西
泸县	 四川泸州
泸州	 四川
泸州市	 四川
鲁甸	 云南昭通
鲁甸县	 云南昭通
鲁山	 河南平顶山
鲁山县	 河南平顶山
陆川	 广西玉林
陆川县	 广西玉林
陆丰	 广东汕尾
陆丰市	 广东汕尾
陆河	 广东汕尾
陆河县	 广东汕尾
陆良	 云南曲靖
陆良县	 云南曲靖
鹿城	 浙江温州
鹿城区	 浙江温州
鹿泉	 河北石家庄
鹿泉区	 河北石家庄
鹿邑	 河南周口
鹿邑县	 河南周口
鹿寨	 广西柳州
鹿寨县	 广西柳州
渌口	 湖南株洲
渌口区	 湖南株洲
禄丰	 云南楚雄
禄丰市	 云南楚雄
禄劝	 云南昆明
禄劝县	 云南昆明
禄劝彝族苗族自治县	 云南昆明
碌曲	 甘肃甘南
碌曲县	 甘肃甘南
路北区	 河北唐山
路南区	 河北唐山
路桥区	 浙江台州
潞城	 山西长治
潞城区	 山西长治
潞州	 山西长治
潞州区	 山西长治
栾城	 河北石家庄
栾城区	 河北石家庄
栾川	 河南洛阳
栾川县	 河南洛阳
滦南	 河北唐山
滦南县	 河北唐山
滦平	 河北承德
滦平县	 河北承德
滦州	 河北唐山
滦州市	 河北唐山
轮台县	 新疆巴音郭楞
罗城仫佬族自治县	 广西河池
罗城县	 广西河池
罗甸	 贵州黔南
罗甸县	 贵州黔南
罗定	 广东云浮
罗定市	 广东云浮
罗湖	 广东深圳
罗湖区	 广东深圳
罗江	 四川德阳
罗江区	 四川德阳
罗平	 云南曲靖
罗平县	 云南曲靖
罗山	 河南信阳
罗山县	 河南信阳
罗田	 湖北黄冈
罗田县	 湖北黄冈
罗源	 福建福州
罗源县	 福建福州
罗庄	 山东临沂
罗庄区	 山东临沂
萝北	 黑龙江鹤岗
萝北县	 黑龙江鹤岗
洛川	 陕西延安
洛川县	 陕西延安
洛江	 福建泉州
洛江区	 福建泉州
洛龙	 河南洛阳
洛龙区	 河南洛阳
洛隆	 西藏昌都
洛隆县	 西藏昌都
洛南	 陕西商洛
洛南县	 陕西商洛
洛宁	 河南洛阳
洛宁县	 河南洛阳
洛浦县	 新疆和田
洛阳	 河南
洛阳市	 河南
洛扎	 西藏山南
洛扎县	 西藏山南
漯河	 河南
漯河市	 河南
吕梁	 山西
吕梁市	 山西
旅顺口	 辽宁大连
旅顺口区	 辽宁大连
绿春	 云南红河
绿春县	 云南红河
绿园区	 吉林长春
略阳	 陕西汉中
略阳县	 陕西汉中
麻城	 湖北黄冈
麻城市	 湖北黄冈
麻江	 贵州黔东南
麻江县	 贵州黔东南
麻栗坡	 云南文山
麻栗坡县	 云南文山
麻山	 黑龙江鸡西
麻山区	 黑龙江鸡西
麻阳	 湖南怀化
麻阳苗族自治县	 湖南怀化
麻阳县	 湖南怀化
麻章	 广东湛江
麻章区	 广东湛江
马鞍山	 安徽
马鞍山市	 安徽
马边	 四川乐山
马边县	 四川乐山
马边彝族自治县	 四川乐山
马村区	 河南焦作
马尔康	 四川阿坝
马尔康市	 四川阿坝
马关县	 云南文山
马龙区	 云南曲靖
马山县	 广西南宁
马尾区	 福建福州
玛多	 青海果洛
玛多县	 青海果洛
玛纳斯	 新疆昌吉
玛纳斯县	 新疆昌吉
玛沁	 青海果洛
玛沁县	 青海果洛
玛曲	 甘肃甘南
玛曲县	 甘肃甘南
麦盖提	 新疆喀什
麦盖提县	 新疆喀什
麦积	 甘肃天水
麦积区	 甘肃天水
满城区	 河北保定
满洲里	 内蒙古呼伦贝尔
满洲里市	 内蒙古呼伦贝尔
芒康	 西藏昌都
芒康县	 西藏昌都
芒市	 云南德宏
茫崖	 青海海西
茫崖市	 青海海西
茅箭	 湖北十堰
茅箭区	 湖北十堰
茂名	 广东
茂名市	 广东
茂南	 广东茂名
茂南区	 广东茂名
茂县	 四川阿坝
眉山	 四川
眉山市	 四川
眉县	 陕西宝鸡
梅河口	 吉林通化
梅河口市	 吉林通化
梅江	 广东梅州
梅江区	 广东梅州
梅里斯	 黑龙江齐齐哈尔
梅里斯达斡尔族区	 黑龙江齐齐哈尔
梅县	 广东梅州
梅县区	 广东梅州
梅州	 广东
梅州市	 广东
湄潭	 贵州遵义
湄潭县	 贵州遵义
美姑	 四川凉山
美姑县	 四川凉山
美兰	 海南海口
美兰区	 海南海口
门头沟	 北京
门头沟区	 北京
门源	 青海海北
门源回族自治县	 青海海北
门源县	 青海海北
蒙城	 安徽亳州
蒙城县	 安徽亳州
蒙山	 广西梧州
蒙山县	 广西梧州
蒙阴	 山东临沂
蒙阴县	 山东临沂
蒙自	 云南红河
蒙自市	 云南红河
勐海	 云南西双版纳
勐海县	 云南西双版纳
勐腊	 云南西双版纳
勐腊县	 云南西双版纳
孟村	 河北沧州
孟村回族自治县	 河北沧州
孟村县	 河北沧州
孟津	 河南洛阳
孟津区	 河南洛阳
孟连	 云南普洱
孟连傣族拉祜族佤族自治县	 云南普洱
孟连县	 云南普洱
孟州	 河南焦作
孟州市	 河南焦作
弥渡	 云南大理
弥渡县	 云南大理
弥勒市	 云南红河
米东	 新疆乌鲁木齐
米东区	 新疆乌鲁木齐
米林	 西藏林芝
米林市	 西藏林芝
米易	 四川攀枝花
米易县	 四川攀枝花
米脂	 陕西榆林
米脂县	 陕西榆林
汨罗	 湖南岳阳
汨罗市	 湖南岳阳
泌阳	 河南驻马店
泌阳县	 河南驻马店
密山	 黑龙江鸡西
密山市	 黑龙江鸡西
密云	 北京
密云区	 北京
绵阳	 四川
绵阳市	 四川
绵竹	 四川德阳
绵竹市	 四川德阳
勉县	 陕西汉中
冕宁	 四川凉山
冕宁县	 四川凉山
渑池	 河南三门峡
渑池县	 河南三门峡
民丰县	 新疆和田
民和回族土族自治县	 青海海东
民和县	 青海海东
民乐县	 甘肃张掖
民勤	 甘肃武威
民勤县	 甘肃武威
民权	 河南商丘
民权县	 河南商丘
岷县	 甘肃定西
闵行	 上海
闵行区	 上海
闽侯	 福建福州
闽侯县	 福建福州
闽清	 福建福州
闽清县	 福建福州
名山区	 四川雅安
明光市	 安徽滁州
明山区	 辽宁本溪
明水县	 黑龙江绥化
明溪	 福建三明
明溪县	 福建三明
莫力达瓦	 内蒙古呼伦贝尔
莫力达瓦达斡尔族自治旗	 内蒙古呼伦贝尔
莫力达瓦旗	 内蒙古呼伦贝尔
漠河	 黑龙江大兴安岭
漠河市	 黑龙江大兴安岭
墨江	 云南普洱
墨江哈尼族自治县	 云南普洱
墨江县	 云南普洱
墨脱	 西藏林芝
墨脱县	 西藏林芝
墨玉	 新疆和田
墨玉县	 新疆和田
墨竹工卡	 西藏拉萨
墨竹工卡县	 西藏拉萨
牟定	 云南楚雄
牟定县	 云南楚雄
牟平	 山东烟台
牟平区	 山东烟台
牡丹江	 黑龙江
牡丹江市	 黑龙江
牡丹区	 山东菏泽
木兰县	 黑龙江哈尔滨
木垒	 新疆昌吉
木垒哈萨克自治县	 新疆昌吉
木垒县	 新疆昌吉
木里藏族自治县	 四川凉山
木里县	 四川凉山
沐川	 四川乐山
沐川县	 四川乐山
牧野区	 河南新乡
穆棱	 黑龙江牡丹江
穆棱市	 黑龙江牡丹江
那坡	 广西百色
那坡县	 广西百色
那曲	 西藏
那曲市	 西藏
纳溪	 四川泸州
纳溪区	 四川泸州
纳雍	 贵州毕节
纳雍县	 贵州毕节
乃东	 西藏山南
乃东区	 西藏山南
奈曼旗	 内蒙古通辽
南安	 福建泉州
南安市	 福建泉州
南岸区	 重庆
南澳	 广东汕头
南澳县	 广东汕头
南部县	 四川南充
南岔	 黑龙江伊春
南岔县	 黑龙江伊春
南昌	 江西
南昌市	 江西
南昌县	 江西南昌
南城县	 江西抚州
南充	 四川
南充市	 四川
南川区	 重庆
南丹	 广西河池
南丹县	 广西河池
南芬	 辽宁本溪
南芬区	 辽宁本溪
南丰	 江西抚州
南丰县	 江西抚州
南岗	 黑龙江哈尔滨
南岗区	 黑龙江哈尔滨
南宫市	 河北邢台
南关	 吉林长春
南关区	 吉林长春
南海区	 广东佛山
南和	 河北邢台
南和区	 河北邢台
南湖区	 浙江嘉兴
南华县	 云南楚雄
南涧县	 云南大理
南涧彝族自治县	 云南大理
南江县	 四川巴中
南京	 江苏
南京市	 江苏
南靖	 福建漳州
南靖县	 福建漳州
南开区	 天津
南康	 江西赣州
南康区	 江西赣州
南乐	 河南濮阳
南乐县	 河南濮阳
南陵	 安徽芜湖
南陵县	 安徽芜湖
南明	 贵州贵阳
南明区	 贵州贵阳
南木林县	 西藏日喀则
南宁	 广西
南宁市	 广西
南皮	 河北沧州
南皮县	 河北沧州
南票	 辽宁葫芦岛
南票区	 辽宁葫芦岛
南平	 福建
南平市	 福建
南谯	 安徽滁州
南谯区	 安徽滁州
南区	 香港
南通	 江苏
南通市	 江苏
南溪区	 四川宜宾
南县	 湖南益阳
南雄	 广东韶关
南雄市	 广东韶关
南浔	 浙江湖州
南浔区	 浙江湖州
南阳	 河南
南阳市	 河南
南岳区	 湖南衡阳
南漳	 湖北襄阳
南漳县	 湖北襄阳
南召	 河南南阳
南召县	 河南南阳
南郑	 陕西汉中
南郑区	 陕西汉中
囊谦	 青海玉树
囊谦县	 青海玉树
讷河	 黑龙江齐齐哈尔
讷河市	 黑龙江齐齐哈尔
内黄	 河南安阳
内黄县	 河南安阳
内江	 四川
内江市	 四川
内丘	 河北邢台
内丘县	 河北邢台
内乡	 河南南阳
内乡县	 河南南阳
嫩江	 黑龙江黑河
嫩江市	 黑龙江黑河
尼勒克	 新疆伊犁
尼勒克县	 新疆伊犁
尼玛县	 西藏那曲
尼木	 西藏拉萨
尼木县	 西藏拉萨
碾子山	 黑龙江齐齐哈尔
碾子山区	 黑龙江齐齐哈尔
聂拉木	 西藏日喀则
聂拉木县	 西藏日喀则
聂荣	 西藏那曲
聂荣县	 西藏那曲
宁安	 黑龙江牡丹江
宁安市	 黑龙江牡丹江
宁波	 浙江
宁波市	 浙江
宁城	 内蒙古赤峰
宁城县	 内蒙古赤峰
宁德	 福建
宁德市	 福建
宁都	 江西赣州
宁都县	 江西赣州
宁洱	 云南普洱
宁洱哈尼族彝族自治县	 云南普洱
宁洱县	 云南普洱
宁国	 安徽宣城
宁国市	 安徽宣城
宁海	 浙江宁波
宁海县	 浙江宁波
宁河	 天津
宁河区	 天津
宁化	 福建三明
宁化县	 福建三明
宁江	 吉林松原
宁江区	 吉林松原
宁津	 山东德州
宁津县	 山东德州
宁晋	 河北邢台
宁晋县	 河北邢台
宁蒗	 云南丽江
宁蒗县	 云南丽江
宁蒗彝族自治县	 云南丽江
宁陵	 河南商丘
宁陵县	 河南商丘
宁明	 广西崇左
宁明县	 广西崇左
宁南	 四川凉山
宁南县	 四川凉山
宁强	 陕西汉中
宁强县	 陕西汉中
宁陕	 陕西安康
宁陕县	 陕西安康
宁武	 山西忻州
宁武县	 山西忻州
宁县	 甘肃庆阳
宁乡	 湖南长沙
宁乡市	 湖南长沙
宁阳	 山东泰安
宁阳县	 山东泰安
宁远	 湖南永州
宁远县	 湖南永州
农安	 吉林长春
农安县	 吉林长春
怒江	 云南
怒江傈僳族自治州	 云南
瓯海	 浙江温州
瓯海区	 浙江温州
潘集	 安徽淮南
潘集区	 安徽淮南
攀枝花	 四川
攀枝花市	 四川
盘锦	 辽宁
盘锦市	 辽宁
盘龙区	 云南昆明
盘山县	 辽宁盘锦
盘州	 贵州六盘水
盘州市	 贵州六盘水
磐安	 浙江金华
磐安县	 浙江金华
磐石市	 吉林
沛县	 江苏徐州
彭山	 四川眉山
彭山区	 四川眉山
彭水	 重庆
彭水苗族土家族自治县	 重庆
彭水县	 重庆
彭阳	 宁夏固原
彭阳县	 宁夏固原
彭泽	 江西九江
彭泽县	 江西九江
彭州	 四川成都
彭州市	 四川成都
蓬安	 四川南充
蓬安县	 四川南充
蓬江	 广东江门
蓬江区	 广东江门
蓬莱	 山东烟台
蓬莱区	 山东烟台
蓬溪	 四川遂宁
蓬溪县	 四川遂宁
邳州	 江苏徐州
邳州市	 江苏徐州
皮山	 新疆和田
皮山县	 新疆和田
郫都	 四川成都
郫都区	 四川成都
偏关	 山西忻州
偏关县	 山西忻州
平安区	 青海海东
平坝	 贵州安顺
平坝区	 贵州安顺
平昌	 四川巴中
平昌县	 四川巴中
平城	 山西大同
平城区	 山西大同
平川区	 甘肃白银
平顶山	 河南
平顶山市	 河南
平定县	 山西阳泉
平度	 山东青岛
平度市	 山东青岛
平房区	 黑龙江哈尔滨
平谷	 北京
平谷区	 北京
平桂	 广西贺州
平桂区	 广西贺州
平果	 广西百色
平果市	 广西百色
平和县	 福建漳州
平湖市	 浙江嘉兴
平江	 湖南岳阳
平江县	 湖南岳阳
平乐	 广西桂林
平乐县	 广西桂林
平利	 陕西安康
平利县	 陕西安康
平凉	 甘肃
平凉市	 甘肃
平鲁	 山西朔州
平鲁区	 山西朔州
平陆	 山西运城
平陆县	 山西运城
平罗	 宁夏石嘴山
平罗县	 宁夏石嘴山
平南	 广西贵港
平南县	 广西贵港
平桥	 河南信阳
平桥区	 河南信阳
平泉	 河北承德
平泉市	 河北承德
平山区	 辽宁本溪
平山县	 河北石家庄
平顺县	 山西长治
平潭	 福建福州
平潭县	 福建福州
平塘	 贵州黔南
平塘县	 贵州黔南
平武	 四川绵阳
平武县	 四川绵阳
平乡	 河北邢台
平乡县	 河北邢台
平阳县	 浙江温州
平遥	 山西晋中
平遥县	 山西晋中
平邑	 山东临沂
平邑县	 山东临沂
平阴	 山东济南
平阴县	 山东济南
平舆	 河南驻马店
平舆县	 河南驻马店
平原县	 山东德州
平远	 广东梅州
平远县	 广东梅州
坪山	 广东深圳
坪山区	 广东深圳
凭祥	 广西崇左
凭祥市	 广西崇左
屏边	 云南红河
屏边苗族自治县	 云南红河
屏边县	 云南红河
屏南	 福建宁德
屏南县	 福建宁德
屏山县	 四川宜宾
萍乡	 江西
萍乡市	 江西
坡头区	 广东湛江
泊头	 河北沧州
泊头市	 河北沧州
鄱阳	 江西上饶
鄱阳县	 江西上饶
莆田	 福建
莆田市	 福建
蒲城	 陕西渭南
蒲城县	 陕西渭南
蒲江	 四川成都
蒲江县	 四川成都
蒲县	 山西临汾
濮阳	 河南
濮阳市	 河南
濮阳县	 河南濮阳
浦北	 广西钦州
浦北县	 广西钦州
浦城	 福建南平
浦城县	 福建南平
浦东新区	 上海
浦江	 浙江金华
浦江县	 浙江金华
浦口	 江苏南京
浦口区	 江苏南京
普安	 贵州黔西南
普安县	 贵州黔西南
普定	 贵州安顺
普定县	 贵州安顺
普洱	 云南
普洱市	 云南
普格	 四川凉山
普格县	 四川凉山
普兰店	 辽宁大连
普兰店区	 辽宁大连
普兰县	 西藏阿里
普宁	 广东揭阳
普宁市	 广东揭阳
七里河	 甘肃兰州
七里河区	 甘肃兰州
七台河	 黑龙江
七台河市	 黑龙江
七星关	 贵州毕节
七星关区	 贵州毕节
七星区	 广西桂林
栖霞区	 江苏南京
栖霞市	 山东烟台
齐河	 山东德州
齐河县	 山东德州
齐齐哈尔	 黑龙江
齐齐哈尔市	 黑龙江
祁东	 湖南衡阳
祁东县	 湖南衡阳
祁连	 青海海北
祁连县	 青海海北
祁门	 安徽黄山
祁门县	 安徽黄山
祁县	 山西晋中
祁阳	 湖南永州
祁阳市	 湖南永州
岐山	 陕西宝鸡
岐山县	 陕西宝鸡
奇台	 新疆昌吉
奇台县	 新疆昌吉
淇滨	 河南鹤壁
淇滨区	 河南鹤壁
淇县	 河南鹤壁
綦江	 重庆
綦江区	 重庆
蕲春	 湖北黄冈
蕲春县	 湖北黄冈
麒麟区	 云南曲靖
杞县	 河南开封
启东	 江苏南通
启东市	 江苏南通
千山区	 辽宁鞍山
千阳	 陕西宝鸡
千阳县	 陕西宝鸡
迁安	 河北唐山
迁安市	 河北唐山
迁西	 河北唐山
迁西县	 河北唐山
铅山	 江西上饶
铅山县	 江西上饶
前锋区	 四川广安
前郭尔罗斯	 吉林松原
前郭尔罗斯蒙古族自治县	 吉林松原
前郭尔罗斯县	 吉林松原
前进区	 黑龙江佳木斯
钱塘	 浙江杭州
钱塘区	 浙江杭州
乾安	 吉林松原
乾安县	 吉林松原
乾县	 陕西咸阳
潜江	 湖北
潜江市	 湖北
潜山	 安徽安庆
潜山市	 安徽安庆
黔东南	 贵州
黔东南苗族侗族自治州	 贵州
黔江	 重庆
黔江区	 重庆
黔南	 贵州
黔南布依族苗族自治州	 贵州
黔西	 贵州毕节
黔西南	 贵州
黔西南布依族苗族自治州	 贵州
黔西市	 贵州毕节
桥东区	 河北张家口
硚口	 湖北武汉
硚口区	 湖北武汉
谯城	 安徽亳州
谯城区	 安徽亳州
巧家	 云南昭通
巧家县	 云南昭通
茄子河	 黑龙江七台河
茄子河区	 黑龙江七台河
且末	 新疆巴音郭楞
且末县	 新疆巴音郭楞
钦北	 广西钦州
钦北区	 广西钦州
钦南	 广西钦州
钦南区	 广西钦州
钦州	 广西
钦州市	 广西
秦安	 甘肃天水
秦安县	 甘肃天水
秦都	 陕西咸阳
秦都区	 陕西咸阳
秦淮	 江苏南京
秦淮区	 江苏南京
秦皇岛	 河北
秦皇岛市	 河北
秦州	 甘肃天水
秦州区	 甘肃天水
沁水	 山西晋城
沁水县	 山西晋城
沁县	 山西长治
沁阳	 河南焦作
沁阳市	 河南焦作
沁源	 山西长治
沁源县	 山西长治
青白江	 四川成都
青白江区	 四川成都
青川	 四川广元
青川县	 四川广元
青岛	 山东
青岛市	 山东
青冈县	 黑龙江绥化
青河	 新疆阿勒泰
青河县	 新疆阿勒泰
青龙满族自治县	 河北秦皇岛
青龙县	 河北秦皇岛
青浦	 上海
青浦区	 上海
青山湖	 江西南昌
青山湖区	 江西南昌
青神	 四川眉山
青神县	 四川眉山
青田	 浙江丽水
青田县	 浙江丽水
青铜峡	 宁夏吴忠
青铜峡市	 宁夏吴忠
青县	 河北沧州
青秀	 广西南宁
青秀区	 广西南宁
青羊	 四川成都
青羊区	 四川成都
青阳	 安徽池州
青阳县	 安徽池州
青原	 江西吉安
青原区	 江西吉安
青云谱	 江西南昌
青云谱区	 江西南昌
青州	 山东潍坊
青州市	 山东潍坊
清城	 广东清远
清城区	 广东清远
清丰	 河南濮阳
清丰县	 河南濮阳
清河门	 辽宁阜新
清河门区	 辽宁阜新
清河区	 辽宁铁岭
清河县	 河北邢台
清涧	 陕西榆林
清涧县	 陕西榆林
清江浦	 江苏淮安
清江浦区	 江苏淮安
清流县	 福建三明
清水河	 内蒙古呼和浩特
清水河县	 内蒙古呼和浩特
清水县	 甘肃天水
清新区	 广东清远
清徐	 山西太原
清徐县	 山西太原
清原	 辽宁抚顺
清原满族自治县	 辽宁抚顺
清原县	 辽宁抚顺
清远	 广东
清远市	 广东
清苑	 河北保定
清苑区	 河北保定
清镇	 贵州贵阳
清镇市	 贵州贵阳
晴隆	 贵州黔西南
晴隆县	 贵州黔西南
庆安	 黑龙江绥化
庆安县	 黑龙江绥化
庆城	 甘肃庆阳
庆城县	 甘肃庆阳
庆阳	 甘肃
庆阳市	 甘肃
庆元	 浙江丽水
庆元县	 浙江丽水
庆云	 山东德州
庆云县	 山东德州
邛崃	 四川成都
邛崃市	 四川成都
琼海	 海南
琼海市	 海南
琼结	 西藏山南
琼结县	 西藏山南
琼山	 海南海口
琼山区	 海南海口
琼中	 海南
琼中黎族苗族自治县	 海南
琼中县	 海南
丘北	 云南文山
丘北县	 云南文山
邱县	 河北邯郸
曲阜	 山东济宁
曲阜市	 山东济宁
曲江区	 广东韶关
曲靖	 云南
曲靖市	 云南
曲麻莱	 青海玉树
曲麻莱县	 青海玉树
曲水县	 西藏拉萨
曲松县	 西藏山南
曲沃	 山西临汾
曲沃县	 山西临汾
曲阳	 河北保定
曲阳县	 河北保定
曲周	 河北邯郸
曲周县	 河北邯郸
渠县	 四川达州
衢江	 浙江衢州
衢江区	 浙江衢州
衢州	 浙江
衢州市	 浙江
全椒	 安徽滁州
全椒县	 安徽滁州
全南	 江西赣州
全南县	 江西赣州
全州县	 广西桂林
荃湾	 香港
荃湾区	 香港
泉港	 福建泉州
泉港区	 福建泉州
泉山	 江苏徐州
泉山区	 江苏徐州
泉州	 福建
泉州市	 福建
确山	 河南驻马店
确山县	 河南驻马店
壤塘	 四川阿坝
壤塘县	 四川阿坝
让胡路	 黑龙江大庆
让胡路区	 黑龙江大庆
饶河	 黑龙江双鸭山
饶河县	 黑龙江双鸭山
饶平	 广东潮州
饶平县	 广东潮州
饶阳	 河北衡水
饶阳县	 河北衡水
仁布	 西藏日喀则
仁布县	 西藏日喀则
仁和区	 四川攀枝花
仁化	 广东韶关
仁化县	 广东韶关
仁怀	 贵州遵义
仁怀市	 贵州遵义
仁寿县	 四川眉山
任城	 山东济宁
任城区	 山东济宁
任丘	 河北沧州
任丘市	 河北沧州
任泽	 河北邢台
任泽区	 河北邢台
日喀则	 西藏
日喀则市	 西藏
日土	 西藏阿里
日土县	 西藏阿里
日照	 山东
日照市	 山东
荣昌	 重庆
荣昌区	 重庆
荣成	 山东威海
荣成市	 山东威海
荣县	 四川自贡
容城	 河北保定
容城县	 河北保定
容县	 广西玉林
榕城	 广东揭阳
榕城区	 广东揭阳
榕江	 贵州黔东南
榕江县	 贵州黔东南
融安	 广西柳州
融安县	 广西柳州
融水	 广西柳州
融水苗族自治县	 广西柳州
融水县	 广西柳州
如东	 江苏南通
如东县	 江苏南通
如皋	 江苏南通
如皋市	 江苏南通
汝城	 湖南郴州
汝城县	 湖南郴州
汝南	 河南驻马店
汝南县	 河南驻马店
汝阳	 河南洛阳
汝阳县	 河南洛阳
汝州	 河南平顶山
汝州市	 河南平顶山
乳山	 山东威海
乳山市	 山东威海
乳源	 广东韶关
乳源县	 广东韶关
乳源瑶族自治县	 广东韶关
芮城	 山西运城
芮城县	 山西运城
瑞安	 浙江温州
瑞安市	 浙江温州
瑞昌	 江西九江
瑞昌市	 江西九江
瑞金	 江西赣州
瑞金市	 江西赣州
瑞丽市	 云南德宏
润州	 江苏镇江
润州区	 江苏镇江
若尔盖	 四川阿坝
若尔盖县	 四川阿坝
若羌	 新疆巴音郭楞
若羌县	 新疆巴音郭楞
萨尔图	 黑龙江大庆
萨尔图区	 黑龙江大庆
萨嘎	 西藏日喀则
萨嘎县	 西藏日喀则
萨迦	 西藏日喀则
萨迦县	 西藏日喀则
赛罕	 内蒙古呼和浩特
赛罕区	 内蒙古呼和浩特
三都	 贵州黔南
三都水族自治县	 贵州黔南
三都县	 贵州黔南
三河市	 河北廊坊
三江侗族自治县	 广西柳州
三江县	 广西柳州
三门	 浙江台州
三门峡	 河南
三门峡市	 河南
三门县	 浙江台州
三明	 福建
三明市	 福建
三沙	 海南
三沙市	 海南
三水	 广东佛山
三水区	 广东佛山
三穗	 贵州黔东南
三穗县	 贵州黔东南
三台县	 四川绵阳
三亚	 海南
三亚市	 海南
三元区	 福建三明
三原县	 陕西咸阳
桑日	 西藏山南
桑日县	 西藏山南
桑植	 湖南张家界
桑植县	 湖南张家界
桑珠孜	 西藏日喀则
桑珠孜区	 西藏日喀则
色达	 四川甘孜
色达县	 四川甘孜
色尼	 西藏那曲
色尼区	 西藏那曲
沙河口	 辽宁大连
沙河口区	 辽宁大连
沙河市	 河北邢台
沙坪坝	 重庆
沙坪坝区	 重庆
沙坡头	 宁夏中卫
沙坡头区	 宁夏中卫
沙市	 湖北荆州
沙市区	 湖北荆州
沙田区	 香港
沙湾区	 四川乐山
沙湾市	 新疆塔城
沙县	 福建三明
沙县区	 福建三明
沙雅	 新疆阿克苏
沙雅县	 新疆阿克苏
沙洋	 湖北荆门
沙洋县	 湖北荆门
沙依巴克	 新疆乌鲁木齐
沙依巴克区	 新疆乌鲁木齐
莎车	 新疆喀什
莎车县	 新疆喀什
厦门	 福建
厦门市	 福建
山城区	 河南鹤壁
山丹	 甘肃张掖
山丹县	 甘肃张掖
山海关	 河北秦皇岛
山海关区	 河北秦皇岛
山南	 西藏
山南市	 西藏
山亭	 山东枣庄
山亭区	 山东枣庄
山阳区	 河南焦作
山阳县	 陕西商洛
山阴县	 山西朔州
陕州	 河南三门峡
陕州区	 河南三门峡
汕头	 广东
汕头市	 广东
汕尾	 广东
汕尾市	 广东
鄯善	 新疆吐鲁番
鄯善县	 新疆吐鲁番
商城县	 河南信阳
商都	 内蒙古乌兰察布
商都县	 内蒙古乌兰察布
商河	 山东济南
商河县	 山东济南
商洛	 陕西
商洛市	 陕西
商南	 陕西商洛
商南县	 陕西商洛
商丘	 河南
商丘市	 河南
商水	 河南周口
商水县	 河南周口
商州	 陕西商洛
商州区	 陕西商洛
上蔡	 河南驻马店
上蔡县	 河南驻马店
上城区	 浙江杭州
上党	 山西长治
上党区	 山西长治
上高县	 江西宜春
上杭	 福建龙岩
上杭县	 福建龙岩
上街区	 河南郑州
上栗	 江西萍乡
上栗县	 江西萍乡
上林县	 广西南宁
上饶	 江西
上饶市	 江西
上思	 广西防城港
上思县	 广西防城港
上犹	 江西赣州
上犹县	 江西赣州
上虞	 浙江绍兴
上虞区	 浙江绍兴
尚义	 河北张家口
尚义县	 河北张家口
尚志	 黑龙江哈尔滨
尚志市	 黑龙江哈尔滨
韶关	 广东
韶关市	 广东
韶山	 湖南湘潭
韶山市	 湖南湘潭
邵东	 湖南邵阳
邵东市	 湖南邵阳
邵武	 福建南平
邵武市	 福建南平
邵阳	 湖南
邵阳市	 湖南
邵阳县	 湖南邵阳
绍兴	 浙江
绍兴市	 浙江
社旗	 河南南阳
社旗县	 河南南阳
射洪	 四川遂宁
射洪市	 四川遂宁
射阳	 江苏盐城
射阳县	 江苏盐城
涉县	 河北邯郸
歙县	 安徽黄山
申扎	 西藏那曲
申扎县	 西藏那曲
莘县	 山东聊城
深水埗	 香港
深水埗区	 香港
深泽	 河北石家庄
深泽县	 河北石家庄
深圳	 广东
深圳市	 广东
深州	 河北衡水
深州市	 河北衡水
什邡	 四川德阳
什邡市	 四川德阳
神池	 山西忻州
神池县	 山西忻州
神木市	 陕西榆林
神农架	 湖北
神农架林区	 湖北
沈北新区	 辽宁沈阳
沈河	 辽宁沈阳
沈河区	 辽宁沈阳
沈丘	 河南周口
沈丘县	 河南周口
沈阳	 辽宁
沈阳市	 辽宁
嵊泗	 浙江舟山
嵊泗县	 浙江舟山
嵊州	 浙江绍兴
嵊州市	 浙江绍兴
师宗	 云南曲靖
师宗县	 云南曲靖
施秉	 贵州黔东南
施秉县	 贵州黔东南
施甸	 云南保山
施甸县	 云南保山
浉河	 河南信阳
浉河区	 河南信阳
十堰	 湖北
十堰市	 湖北
石城县	 江西赣州
石峰	 湖南株洲
石峰区	 湖南株洲
石鼓	 湖南衡阳
石鼓区	 湖南衡阳
石拐	 内蒙古包头
石拐区	 内蒙古包头
石河子	 新疆
石河子市	 新疆
石家庄	 河北
石家庄市	 河北
石景山	 北京
石景山区	 北京
石林县	 云南昆明
石林彝族自治县	 云南昆明
石龙区	 河南平顶山
石楼县	 山西吕梁
石门县	 湖南常德
石棉县	 四川雅安
石屏	 云南红河
石屏县	 云南红河
石阡	 贵州铜仁
石阡县	 贵州铜仁
石渠县	 四川甘孜
石泉县	 陕西安康
石狮市	 福建泉州
石首	 湖北荆州
石首市	 湖北荆州
石台	 安徽池州
石台县	 安徽池州
石柱土家族自治县	 重庆
石柱县	 重庆
石嘴山	 宁夏
石嘴山市	 宁夏
始兴	 广东韶关
始兴县	 广东韶关
市北区	 山东青岛
市南区	 山东青岛
寿光	 山东潍坊
寿光市	 山东潍坊
寿宁	 福建宁德
寿宁县	 福建宁德
寿县	 安徽淮南
寿阳	 山西晋中
寿阳县	 山西晋中
舒城	 安徽六安
舒城县	 安徽六安
舒兰	 吉林
舒兰市	 吉林
疏附	 新疆喀什
疏附县	 新疆喀什
疏勒	 新疆喀什
疏勒县	 新疆喀什
蜀山	 安徽合肥
蜀山区	 安徽合肥
沭阳	 江苏宿迁
沭阳县	 江苏宿迁
双柏	 云南楚雄
双柏县	 云南楚雄
双城区	 黑龙江哈尔滨
双峰县	 湖南娄底
双河市	 新疆
双湖县	 西藏那曲
双江拉祜族佤族布朗族傣族自治县	 云南临沧
双江县	 云南临沧
双辽	 吉林四平
双辽市	 吉林四平
双流区	 四川成都
双滦	 河北承德
双滦区	 河北承德
双牌县	 湖南永州
双桥区	 河北承德
双清	 湖南邵阳
双清区	 湖南邵阳
双塔区	 辽宁朝阳
双台子	 辽宁盘锦
双台子区	 辽宁盘锦
双鸭山	 黑龙江
双鸭山市	 黑龙江
双阳	 吉林长春
双阳区	 吉林长春
水城区	 贵州六盘水
水富	 云南昭通
水富市	 云南昭通
水磨沟	 新疆乌鲁木齐
水磨沟区	 新疆乌鲁木齐
顺昌	 福建南平
顺昌县	 福建南平
顺城	 辽宁抚顺
顺城区	 辽宁抚顺
顺德	 广东佛山
顺德区	 广东佛山
顺河	 河南开封
顺河回族区	 河南开封
顺平	 河北保定
顺平县	 河北保定
顺庆	 四川南充
顺庆区	 四川南充
顺义	 北京
顺义区	 北京
朔城	 山西朔州
朔城区	 山西朔州
朔州	 山西
朔州市	 山西
思茅	 云南普洱
思茅区	 云南普洱
思明	 福建厦门
思明区	 福建厦门
思南	 贵州铜仁
思南县	 贵州铜仁
四方台	 黑龙江双鸭山
四方台区	 黑龙江双鸭山
四会	 广东肇庆
四会市	 广东肇庆
四平	 吉林
四平市	 吉林
四子王旗	 内蒙古乌兰察布
泗洪	 江苏宿迁
泗洪县	 江苏宿迁
泗水	 山东济宁
泗水县	 山东济宁
泗县	 安徽宿州
泗阳	 江苏宿迁
泗阳县	 江苏宿迁
松北	 黑龙江哈尔滨
松北区	 黑龙江哈尔滨
松江	 上海
松江区	 上海
松潘	 四川阿坝
松潘县	 四川阿坝
松山区	 内蒙古赤峰
松桃	 贵州铜仁
松桃苗族自治县	 贵州铜仁
松桃县	 贵州铜仁
松溪	 福建南平
松溪县	 福建南平
松阳	 浙江丽水
松阳县	 浙江丽水
松原	 吉林
松原市	 吉林
松滋	 湖北荆州
松滋市	 湖北荆州
嵩明	 云南昆明
嵩明县	 云南昆明
嵩县	 河南洛阳
苏家屯	 辽宁沈阳
苏家屯区	 辽宁沈阳
苏尼特右旗	 内蒙古锡林郭勒盟
苏尼特左旗	 内蒙古锡林郭勒盟
苏仙	 湖南郴州
苏仙区	 湖南郴州
苏州	 江苏
苏州市	 江苏
肃北	 甘肃酒泉
肃北蒙古族自治县	 甘肃酒泉
肃北县	 甘肃酒泉
肃南	 甘肃张掖
肃南县	 甘肃张掖
肃南裕固族自治县	 甘肃张掖
肃宁	 河北沧州
肃宁县	 河北沧州
肃州	 甘肃酒泉
肃州区	 甘肃酒泉
宿城	 江苏宿迁
宿城区	 江苏宿迁
宿迁	 江苏
宿迁市	 江苏
宿松	 安徽安庆
宿松县	 安徽安庆
宿豫	 江苏宿迁
宿豫区	 江苏宿迁
宿州	 安徽
宿州市	 安徽
睢宁	 江苏徐州
睢宁县	 江苏徐州
睢县	 河南商丘
睢阳	 河南商丘
睢阳区	 河南商丘
濉溪	 安徽淮北
濉溪县	 安徽淮北
绥滨	 黑龙江鹤岗
绥滨县	 黑龙江鹤岗
绥德	 陕西榆林
绥德县	 陕西榆林
绥芬河	 黑龙江牡丹江
绥芬河市	 黑龙江牡丹江
绥化	 黑龙江
绥化市	 黑龙江
绥江	 云南昭通
绥江县	 云南昭通
绥棱	 黑龙江绥化
绥棱县	 黑龙江绥化
绥宁	 湖南邵阳
绥宁县	 湖南邵阳
绥阳	 贵州遵义
绥阳县	 贵州遵义
绥中	 辽宁葫芦岛
绥中县	 辽宁葫芦岛
随县	 湖北随州
随州	 湖北
随州市	 湖北
遂昌	 浙江丽水
遂昌县	 浙江丽水
遂川	 江西吉安
遂川县	 江西吉安
遂宁	 四川
遂宁市	 四川
遂平	 河南驻马店
遂平县	 河南驻马店
遂溪	 广东湛江
遂溪县	 广东湛江
孙吴	 黑龙江黑河
孙吴县	 黑龙江黑河
索县	 西藏那曲
塔城	 新疆
塔城地区	 新疆
塔城市	 新疆塔城
塔河	 黑龙江大兴安岭
塔河县	 黑龙江大兴安岭
塔什库尔干塔吉克	 新疆喀什
塔什库尔干塔吉克自治县	 新疆喀什
塔县	 新疆喀什
台安	 辽宁鞍山
台安县	 辽宁鞍山
台儿庄	 山东枣庄
台儿庄区	 山东枣庄
台江区	 福建福州
台江县	 贵州黔东南
台前县	 河南濮阳
台山市	 广东江门
台州	 浙江
台州市	 浙江
太白县	 陕西宝鸡
太仓	 江苏苏州
太仓市	 江苏苏州
太谷	 山西晋中
太谷区	 山西晋中
太和	 安徽阜阳
太和区	 辽宁锦州
太和县	 安徽阜阳
太湖县	 安徽安庆
太康县	 河南周口
太平区	 辽宁阜新
太仆寺旗	 内蒙古锡林郭勒盟
太原	 山西
太原市	 山西
太子河	 辽宁辽阳
太子河区	 辽宁辽阳
泰安	 山东
泰安市	 山东
泰和	 江西吉安
泰和县	 江西吉安
泰来	 黑龙江齐齐哈尔
泰来县	 黑龙江齐齐哈尔
泰宁	 福建三明
泰宁县	 福建三明
泰山	 山东泰安
泰山区	 山东泰安
泰顺	 浙江温州
泰顺县	 浙江温州
泰兴	 江苏泰州
泰兴市	 江苏泰州
泰州	 江苏
泰州市	 江苏
郯城	 山东临沂
郯城县	 山东临沂
覃塘	 广西贵港
覃塘区	 广西贵港
汤旺	 黑龙江伊春
汤旺县	 黑龙江伊春
汤阴	 河南安阳
汤阴县	 河南安阳
汤原	 黑龙江佳木斯
汤原县	 黑龙江佳木斯
唐河	 河南南阳
唐河县	 河南南阳
唐山	 河北
唐山市	 河北
唐县	 河北保定
洮北	 吉林白城
洮北区	 吉林白城
洮南	 吉林白城
洮南市	 吉林白城
桃城	 河北衡水
桃城区	 河北衡水
桃江	 湖南益阳
桃江县	 湖南益阳
桃山	 黑龙江七台河
桃山区	 黑龙江七台河
桃源县	 湖南常德
特克斯	 新疆伊犁
特克斯县	 新疆伊犁
腾冲	 云南保山
腾冲市	 云南保山
滕州	 山东枣庄
滕州市	 山东枣庄
藤县	 广西梧州
天等	 广西崇左
天等县	 广西崇左
天峨	 广西河池
天峨县	 广西河池
天河区	 广东广州
天峻	 青海海西
天峻县	 青海海西
天门市	 湖北
天宁	 江苏常州
天宁区	 江苏常州
天桥区	 山东济南
天全县	 四川雅安
天山区	 新疆乌鲁木齐
天水	 甘肃
天水市	 甘肃
天台县	 浙江台州
天心区	 湖南长沙
天涯区	 海南三亚
天元区	 湖南株洲
天长	 安徽滁州
天长市	 安徽滁州
天镇	 山西大同
天镇县	 山西大同
天柱县	 贵州黔东南
天祝	 甘肃武威
天祝藏族自治县	 甘肃武威
天祝县	 甘肃武威
田东	 广西百色
田东县	 广西百色
田家庵	 安徽淮南
田家庵区	 安徽淮南
田林	 广西百色
田林县	 广西百色
田阳	 广西百色
田阳区	 广西百色
铁锋	 黑龙江齐齐哈尔
铁锋区	 黑龙江齐齐哈尔
铁力	 黑龙江伊春
铁力市	 黑龙江伊春
铁岭	 辽宁
铁岭市	 辽宁
铁岭县	 辽宁铁岭
铁门关	 新疆
铁门关市	 新疆
铁山港	 广西北海
铁山港区	 广西北海
铁山区	 湖北黄石
亭湖	 江苏盐城
亭湖区	 江苏盐城
通城	 湖北咸宁
通城县	 湖北咸宁
通川	 四川达州
通川区	 四川达州
通道侗族自治县	 湖南怀化
通道县	 湖南怀化
通海县	 云南玉溪
通河	 黑龙江哈尔滨
通河县	 黑龙江哈尔滨
通化	 吉林
通化市	 吉林
通化县	 吉林通化
通江县	 四川巴中
通辽	 内蒙古
通辽市	 内蒙古
通山	 湖北咸宁
通山县	 湖北咸宁
通渭	 甘肃定西
通渭县	 甘肃定西
通许	 河南开封
通许县	 河南开封
通榆	 吉林白城
通榆县	 吉林白城
同安	 福建厦门
同安区	 福建厦门
同德县	 青海海南
同江	 黑龙江佳木斯
同江市	 黑龙江佳木斯
同仁市	 青海黄南
同心县	 宁夏吴忠
桐柏县	 河南南阳
桐城	 安徽安庆
桐城市	 安徽安庆
桐庐	 浙江杭州
桐庐县	 浙江杭州
桐乡	 浙江嘉兴
桐乡市	 浙江嘉兴
桐梓	 贵州遵义
桐梓县	 贵州遵义
铜川	 陕西
铜川市	 陕西
铜鼓	 江西宜春
铜鼓县	 江西宜春
铜官	 安徽铜陵
铜官区	 安徽铜陵
铜梁	 重庆
铜梁区	 重庆
铜陵	 安徽
铜陵市	 安徽
铜仁	 贵州
铜仁市	 贵州
铜山	 江苏徐州
铜山区	 江苏徐州
潼关	 陕西渭南
潼关县	 陕西渭南
潼南	 重庆
潼南区	 重庆
头屯河	 新疆乌鲁木齐
头屯河区	 新疆乌鲁木齐
突泉	 内蒙古兴安盟
突泉县	 内蒙古兴安盟
图们	 吉林延边
图们市	 吉林延边
图木舒克	 新疆
图木舒克市	 新疆
土默特右旗	 内蒙古包头
土默特左旗	 内蒙古呼和浩特
吐鲁番	 新疆
吐鲁番市	 新疆
团风	 湖北黄冈
团风县	 湖北黄冈
屯昌	 海南
屯昌县	 海南
屯留	 山西长治
屯留区	 山西长治
屯门	 香港
屯门区	 香港
屯溪	 安徽黄山
屯溪区	 安徽黄山
托克托	 内蒙古呼和浩特
托克托县	 内蒙古呼和浩特
托克逊	 新疆吐鲁番
托克逊县	 新疆吐鲁番
托里县	 新疆塔城
瓦房店	 辽宁大连
瓦房店市	 辽宁大连
湾仔	 香港
湾仔区	 香港
湾沚	 安徽芜湖
湾沚区	 安徽芜湖
宛城	 河南南阳
宛城区	 河南南阳
万安	 江西吉安
万安县	 江西吉安
万柏林	 山西太原
万柏林区	 山西太原
万年县	 江西上饶
万宁	 海南
万宁市	 海南
万全	 河北张家口
万全区	 河北张家口
万荣	 山西运城
万荣县	 山西运城
万山区	 贵州铜仁
万秀	 广西梧州
万秀区	 广西梧州
万源	 四川达州
万源市	 四川达州
万载	 江西宜春
万载县	 江西宜春
万州	 重庆
万州区	 重庆
汪清	 吉林延边
汪清县	 吉林延边
王益	 陕西铜川
王益区	 陕西铜川
旺苍	 四川广元
旺苍县	 四川广元
望城	 湖南长沙
望城区	 湖南长沙
望都	 河北保定
望都县	 河北保定
望花	 辽宁抚顺
望花区	 辽宁抚顺
望江县	 安徽安庆
望奎	 黑龙江绥化
望奎县	 黑龙江绥化
望谟	 贵州黔西南
望谟县	 贵州黔西南
威海	 山东
威海市	 山东
威宁	 贵州毕节
威宁县	 贵州毕节
威宁彝族回族苗族自治县	 贵州毕节
威县	 河北邢台
威信县	 云南昭通
威远县	 四川内江
微山	 山东济宁
微山县	 山东济宁
巍山	 云南大理
巍山县	 云南大理
巍山彝族回族自治县	 云南大理
围场	 河北承德
围场满族蒙古族自治县	 河北承德
围场县	 河北承德
维西	 云南迪庆
维西傈僳族自治县	 云南迪庆
维西县	 云南迪庆
潍城	 山东潍坊
潍城区	 山东潍坊
潍坊	 山东
潍坊市	 山东
卫滨	 河南新乡
卫滨区	 河南新乡
卫东	 河南平顶山
卫东区	 河南平顶山
卫辉	 河南新乡
卫辉市	 河南新乡
未央区	 陕西西安
尉犁	 新疆巴音郭楞
尉犁县	 新疆巴音郭楞
尉氏	 河南开封
尉氏县	 河南开封
渭滨	 陕西宝鸡
渭滨区	 陕西宝鸡
渭城	 陕西咸阳
渭城区	 陕西咸阳
渭南	 陕西
渭南市	 陕西
渭源	 甘肃定西
渭源县	 甘肃定西
蔚县	 河北张家口
魏都	 河南许昌
魏都区	 河南许昌
魏县	 河北邯郸
温江	 四川成都
温江区	 四川成都
温岭	 浙江台州
温岭市	 浙江台州
温泉县	 新疆博尔塔拉
温宿	 新疆阿克苏
温宿县	 新疆阿克苏
温县	 河南焦作
温州	 浙江
温州市	 浙江
文安	 河北廊坊
文安县	 河北廊坊
文昌市	 海南
文成县	 浙江温州
文登	 山东威海
文登区	 山东威海
文峰区	 河南安阳
文山	 云南
文山市	 云南文山
文山壮族苗族自治州	 云南
文圣	 辽宁辽阳
文圣区	 辽宁辽阳
文水	 山西吕梁
文水县	 山西吕梁
文县	 甘肃陇南
闻喜	 山西运城
闻喜县	 山西运城
汶川	 四川阿坝
汶川县	 四川阿坝
汶上	 山东济宁
汶上县	 山东济宁
翁牛特旗	 内蒙古赤峰
翁源	 广东韶关
翁源县	 广东韶关
瓮安	 贵州黔南
瓮安县	 贵州黔南
涡阳	 安徽亳州
涡阳县	 安徽亳州
卧龙区	 河南南阳
乌翠	 黑龙江伊春
乌翠区	 黑龙江伊春
乌达	 内蒙古乌海
乌达区	 内蒙古乌海
乌当	 贵州贵阳
乌当区	 贵州贵阳
乌尔禾	 新疆克拉玛依
乌尔禾区	 新疆克拉玛依
乌海	 内蒙古
乌海市	 内蒙古
乌拉特后旗	 内蒙古巴彦淖尔
乌拉特前旗	 内蒙古巴彦淖尔
乌拉特中旗	 内蒙古巴彦淖尔
乌兰察布	 内蒙古
乌兰察布市	 内蒙古
乌兰浩特	 内蒙古兴安盟
乌兰浩特市	 内蒙古兴安盟
乌兰县	 青海海西
乌鲁木齐	 新疆
乌鲁木齐市	 新疆
乌鲁木齐县	 新疆乌鲁木齐
乌恰	 新疆克孜勒苏柯尔克孜
乌恰县	 新疆克孜勒苏柯尔克孜
乌什	 新疆阿克苏
乌什县	 新疆阿克苏
乌审旗	 内蒙古鄂尔多斯
乌苏	 新疆塔城
乌苏市	 新疆塔城
巫山	 重庆
巫山县	 重庆
巫溪	 重庆
巫溪县	 重庆
无棣	 山东滨州
无棣县	 山东滨州
无极县	 河北石家庄
无为市	 安徽芜湖
无锡	 江苏
无锡市	 江苏
芜湖	 安徽
芜湖市	 安徽
吴堡	 陕西榆林
吴堡县	 陕西榆林
吴川	 广东湛江
吴川市	 广东湛江
吴江	 江苏苏州
吴江区	 江苏苏州
吴起	 陕西延安
吴起县	 陕西延安
吴桥	 河北沧州
吴桥县	 河北沧州
吴兴	 浙江湖州
吴兴区	 浙江湖州
吴中	 江苏苏州
吴中区	 江苏苏州
吴忠	 宁夏
吴忠市	 宁夏
梧州	 广西
梧州市	 广西
五常市	 黑龙江哈尔滨
五大连池	 黑龙江黑河
五大连池市	 黑龙江黑河
五峰	 湖北宜昌
五峰土家族自治县	 湖北宜昌
五峰县	 湖北宜昌
五河	 安徽蚌埠
五河县	 安徽蚌埠
五华区	 云南昆明
五华县	 广东梅州
五家渠	 新疆
五家渠市	 新疆
五莲	 山东日照
五莲县	 山东日照
五台县	 山西忻州
五通桥	 四川乐山
五通桥区	 四川乐山
五原	 内蒙古巴彦淖尔
五原县	 内蒙古巴彦淖尔
五寨	 山西忻州
五寨县	 山西忻州
五指山市	 海南
伍家岗	 湖北宜昌
伍家岗区	 湖北宜昌
武安	 河北邯郸
武安市	 河北邯郸
武昌	 湖北武汉
武昌区	 湖北武汉
武城	 山东德州
武城县	 山东德州
武川	 内蒙古呼和浩特
武川县	 内蒙古呼和浩特
武定	 云南楚雄
武定县	 云南楚雄
武都	 甘肃陇南
武都区	 甘肃陇南
武冈	 湖南邵阳
武冈市	 湖南邵阳
武功县	 陕西咸阳
武汉	 湖北
武汉市	 湖北
武侯	 四川成都
武侯区	 四川成都
武江	 广东韶关
武江区	 广东韶关
武进	 江苏常州
武进区	 江苏常州
武陵	 湖南常德
武陵区	 湖南常德
武陵源	 湖南张家界
武陵源区	 湖南张家界
武隆	 重庆
武隆区	 重庆
武鸣	 广西南宁
武鸣区	 广西南宁
武宁	 江西九江
武宁县	 江西九江
武平	 福建龙岩
武平县	 福建龙岩
武强	 河北衡水
武强县	 河北衡水
武清	 天津
武清区	 天津
武山	 甘肃天水
武山县	 甘肃天水
武胜县	 四川广安
武威	 甘肃
武威市	 甘肃
武乡	 山西长治
武乡县	 山西长治
武宣	 广西来宾
武宣县	 广西来宾
武穴	 湖北黄冈
武穴市	 湖北黄冈
武夷山	 福建南平
武夷山市	 福建南平
武义	 浙江金华
武义县	 浙江金华
武邑	 河北衡水
武邑县	 河北衡水
武陟	 河南焦作
武陟县	 河南焦作
舞钢	 河南平顶山
舞钢市	 河南平顶山
舞阳	 河南漯河
舞阳县	 河南漯河
务川	 贵州遵义
务川仡佬族苗族自治县	 贵州遵义
务川县	 贵州遵义
婺城	 浙江金华
婺城区	 浙江金华
婺源	 江西上饶
婺源县	 江西上饶
西安	 陕西
西安市	 陕西
西昌	 四川凉山
西昌市	 四川凉山
西城区	 北京
西充	 四川南充
西充县	 四川南充
西畴	 云南文山
西畴县	 云南文山
西丰	 辽宁铁岭
西丰县	 辽宁铁岭
西峰区	 甘肃庆阳
西岗	 辽宁大连
西岗区	 辽宁大连
西工区	 河南洛阳
西贡区	 香港
西固	 甘肃兰州
西固区	 甘肃兰州
西和	 甘肃陇南
西和县	 甘肃陇南
西华县	 河南周口
西吉	 宁夏固原
西吉县	 宁夏固原
西林县	 广西百色
西陵	 湖北宜昌
西陵区	 湖北宜昌
西盟	 云南普洱
西盟佤族自治县	 云南普洱
西盟县	 云南普洱
西宁	 青海
西宁市	 青海
西平	 河南驻马店
西平县	 河南驻马店
西青	 天津
西青区	 天津
西塞山	 湖北黄石
西塞山区	 湖北黄石
西沙	 海南三沙
西沙区	 海南三沙
西山区	 云南昆明
西市区	 辽宁营口
西双版纳	 云南
西双版纳傣族自治州	 云南
西乌珠穆沁旗	 内蒙古锡林郭勒盟
西峡	 河南南阳
西峡县	 河南南阳
西夏区	 宁夏银川
西乡塘	 广西南宁
西乡塘区	 广西南宁
西乡县	 陕西汉中
西秀	 贵州安顺
西秀区	 贵州安顺
昔阳	 山西晋中
昔阳县	 山西晋中
息烽	 贵州贵阳
息烽县	 贵州贵阳
息县	 河南信阳
浠水	 湖北黄冈
浠水县	 湖北黄冈
淅川	 河南南阳
淅川县	 河南南阳
锡林郭勒盟	 内蒙古
锡林浩特	 内蒙古锡林郭勒盟
锡林浩特市	 内蒙古锡林郭勒盟
锡山	 江苏无锡
锡山区	 江苏无锡
溪湖	 辽宁本溪
溪湖区	 辽宁本溪
习水	 贵州遵义
习水县	 贵州遵义
隰县	 山西临汾
喜德县	 四川凉山
细河	 辽宁阜新
细河区	 辽宁阜新
峡江	 江西吉安
峡江县	 江西吉安
霞浦	 福建宁德
霞浦县	 福建宁德
霞山	 广东湛江
霞山区	 广东湛江
下花园	 河北张家口
下花园区	 河北张家口
下陆	 湖北黄石
下陆区	 湖北黄石
夏河	 甘肃甘南
夏河县	 甘肃甘南
夏津	 山东德州
夏津县	 山东德州
夏县	 山西运城
夏邑	 河南商丘
夏邑县	 河南商丘
仙居县	 浙江台州
仙桃市	 湖北
仙游	 福建莆田
仙游县	 福建莆田
咸安	 湖北咸宁
咸安区	 湖北咸宁
咸丰县	 湖北恩施
咸宁	 湖北
咸宁市	 湖北
咸阳	 陕西
咸阳市	 陕西
献县	 河北沧州
乡城	 四川甘孜
乡城县	 四川甘孜
乡宁	 山西临汾
乡宁县	 山西临汾
芗城	 福建漳州
芗城区	 福建漳州
相城	 江苏苏州
相城区	 江苏苏州
相山	 安徽淮北
相山区	 安徽淮北
香坊	 黑龙江哈尔滨
香坊区	 黑龙江哈尔滨
香格里拉	 云南迪庆
香格里拉市	 云南迪庆
香河	 河北廊坊
香河县	 河北廊坊
香洲	 广东珠海
香洲区	 广东珠海
湘东	 江西萍乡
湘东区	 江西萍乡
湘桥	 广东潮州
湘桥区	 广东潮州
湘潭	 湖南
湘潭市	 湖南
湘潭县	 湖南湘潭
湘西	 湖南
湘西土家族苗族自治州	 湖南
湘乡	 湖南湘潭
湘乡市	 湖南湘潭
湘阴	 湖南岳阳
湘阴县	 湖南岳阳
襄城区	 湖北襄阳
襄城县	 河南许昌
襄都	 河北邢台
襄都区	 河北邢台
襄汾	 山西临汾
襄汾县	 山西临汾
襄阳	 湖北
襄阳市	 湖北
襄垣	 山西长治
襄垣县	 山西长治
襄州	 湖北襄阳
襄州区	 湖北襄阳
镶黄旗	 内蒙古锡林郭勒盟
祥符	 河南开封
祥符区	 河南开封
祥云县	 云南大理
翔安	 福建厦门
翔安区	 福建厦门
响水	 江苏盐城
响水县	 江苏盐城
项城	 河南周口
项城市	 河南周口
象山区	 广西桂林
象山县	 浙江宁波
象州	 广西来宾
象州县	 广西来宾
萧山	 浙江杭州
萧山区	 浙江杭州
萧县	 安徽宿州
猇亭	 湖北宜昌
猇亭区	 湖北宜昌
小店区	 山西太原
小金县	 四川阿坝
孝昌	 湖北孝感
孝昌县	 湖北孝感
孝感	 湖北
孝感市	 湖北
孝南	 湖北孝感
孝南区	 湖北孝感
孝义	 山西吕梁
孝义市	 山西吕梁
谢家集	 安徽淮南
谢家集区	 安徽淮南
谢通门	 西藏日喀则
谢通门县	 西藏日喀则
辛集	 河北石家庄
辛集市	 河北石家庄
忻城	 广西来宾
忻城县	 广西来宾
忻府	 山西忻州
忻府区	 山西忻州
忻州	 山西
忻州市	 山西
新安县	 河南洛阳
新巴尔虎右旗	 内蒙古呼伦贝尔
新巴尔虎左旗	 内蒙古呼伦贝尔
新北区	 江苏常州
新宾	 辽宁抚顺
新宾满族自治县	 辽宁抚顺
新宾县	 辽宁抚顺
新蔡	 河南驻马店
新蔡县	 河南驻马店
新昌县	 浙江绍兴
新都区	 四川成都
新丰县	 广东韶关
新抚	 辽宁抚顺
新抚区	 辽宁抚顺
新干县	 江西吉安
新和县	 新疆阿克苏
新河县	 河北邢台
新化	 湖南娄底
新化县	 湖南娄底
新晃	 湖南怀化
新晃侗族自治县	 湖南怀化
新晃县	 湖南怀化
新会区	 广东江门
新建区	 江西南昌
新绛	 山西运城
新绛县	 山西运城
新津	 四川成都
新津区	 四川成都
新乐市	 河北石家庄
新龙县	 四川甘孜
新罗	 福建龙岩
新罗区	 福建龙岩
新密	 河南郑州
新密市	 河南郑州
新民市	 辽宁沈阳
新宁	 湖南邵阳
新宁县	 湖南邵阳
新平县	 云南玉溪
新平彝族傣族自治县	 云南玉溪
新邱	 辽宁阜新
新邱区	 辽宁阜新
新荣	 山西大同
新荣区	 山西大同
新邵	 湖南邵阳
新邵县	 湖南邵阳
新泰	 山东泰安
新泰市	 山东泰安
新田县	 湖南永州
新吴	 江苏无锡
新吴区	 江苏无锡
新县	 河南信阳
新乡	 河南
新乡市	 河南
新乡县	 河南新乡
新星市	 新疆
新兴区	 黑龙江七台河
新兴县	 广东云浮
新野	 河南南阳
新野县	 河南南阳
新沂	 江苏徐州
新沂市	 江苏徐州
新余	 江西
新余市	 江西
新源县	 新疆伊犁
新郑	 河南郑州
新郑市	 河南郑州
新洲	 湖北武汉
新洲区	 湖北武汉
信都	 河北邢台
信都区	 河北邢台
信丰	 江西赣州
信丰县	 江西赣州
信阳	 河南
信阳市	 河南
信宜	 广东茂名
信宜市	 广东茂名
信州	 江西上饶
信州区	 江西上饶
邢台	 河北
邢台市	 河北
行唐	 河北石家庄
行唐县	 河北石家庄
荥经	 四川雅安
荥经县	 四川雅安
荥阳	 河南郑州
荥阳市	 河南郑州
兴安盟	 内蒙古
兴安区	 黑龙江鹤岗
兴安县	 广西桂林
兴宾	 广西来宾
兴宾区	 广西来宾
兴城	 辽宁葫芦岛
兴城市	 辽宁葫芦岛
兴国县	 江西赣州
兴海	 青海海南
兴海县	 青海海南
兴和	 内蒙古乌兰察布
兴和县	 内蒙古乌兰察布
兴化	 江苏泰州
兴化市	 江苏泰州
兴隆台	 辽宁盘锦
兴隆台区	 辽宁盘锦
兴隆县	 河北承德
兴宁区	 广西南宁
兴宁市	 广东梅州
兴平	 陕西咸阳
兴平市	 陕西咸阳
兴庆	 宁夏银川
兴庆区	 宁夏银川
兴仁	 贵州黔西南
兴仁市	 贵州黔西南
兴山	 黑龙江鹤岗
兴山区	 黑龙江鹤岗
兴山县	 湖北宜昌
兴文县	 四川宜宾
兴县	 山西吕梁
兴业县	 广西玉林
兴义	 贵州黔西南
兴义市	 贵州黔西南
杏花岭	 山西太原
杏花岭区	 山西太原
雄县	 河北保定
休宁	 安徽黄山
休宁县	 安徽黄山
修水	 江西九江
修水县	 江西九江
修文	 贵州贵阳
修文县	 贵州贵阳
修武	 河南焦作
修武县	 河南焦作
秀峰	 广西桂林
秀峰区	 广西桂林
秀山土家族苗族自治县	 重庆
秀山县	 重庆
秀英	 海南海口
秀英区	 海南海口
秀屿	 福建莆田
秀屿区	 福建莆田
秀洲	 浙江嘉兴
秀洲区	 浙江嘉兴
岫岩	 辽宁鞍山
岫岩满族自治县	 辽宁鞍山
岫岩县	 辽宁鞍山
盱眙	 江苏淮安
盱眙县	 江苏淮安
徐汇	 上海
徐汇区	 上海
徐水	 河北保定
徐水区	 河北保定
徐闻	 广东湛江
徐闻县	 广东湛江
徐州	 江苏
徐州市	 江苏
许昌	 河南
许昌市	 河南
叙永	 四川泸州
叙永县	 四川泸州
叙州	 四川宜宾
叙州区	 四川宜宾
溆浦	 湖南怀化
溆浦县	 湖南怀化
宣城	 安徽
宣城市	 安徽
宣恩	 湖北恩施
宣恩县	 湖北恩施
宣汉	 四川达州
宣汉县	 四川达州
宣化	 河北张家口
宣化区	 河北张家口
宣威	 云南曲靖
宣威市	 云南曲靖
宣州	 安徽宣城
宣州区	 安徽宣城
玄武区	 江苏南京
薛城	 山东枣庄
薛城区	 山东枣庄
旬阳	 陕西安康
旬阳市	 陕西安康
旬邑	 陕西咸阳
旬邑县	 陕西咸阳
寻甸	 云南昆明
寻甸回族彝族自治县	 云南昆明
寻甸县	 云南昆明
寻乌	 江西赣州
寻乌县	 江西赣州
浔阳	 江西九江
浔阳区	 江西九江
循化	 青海海东
循化撒拉族自治县	 青海海东
循化县	 青海海东
逊克	 黑龙江黑河
逊克县	 黑龙江黑河
牙克石	 内蒙古呼伦贝尔
牙克石市	 内蒙古呼伦贝尔
崖州	 海南三亚
崖州区	 海南三亚
雅安	 四川
雅安市	 四川
雅江	 四川甘孜
雅江县	 四川甘孜
亚东县	 西藏日喀则
烟台	 山东
烟台市	 山东
焉耆	 新疆巴音郭楞
焉耆回族自治县	 新疆巴音郭楞
焉耆县	 新疆巴音郭楞
鄢陵	 河南许昌
鄢陵县	 河南许昌
延安	 陕西
延安市	 陕西
延边	 吉林
延边朝鲜族自治州	 吉林
延川	 陕西延安
延川县	 陕西延安
延吉	 吉林延边
延吉市	 吉林延边
延津	 河南新乡
延津县	 河南新乡
延平	 福建南平
延平区	 福建南平
延庆	 北京
延庆区	 北京
延寿县	 黑龙江哈尔滨
延长县	 陕西延安
炎陵	 湖南株洲
炎陵县	 湖南株洲
沿河	 贵州铜仁
沿河土家族自治县	 贵州铜仁
沿河县	 贵州铜仁
沿滩	 四川自贡
沿滩区	 四川自贡
盐边	 四川攀枝花
盐边县	 四川攀枝花
盐城	 江苏
盐城市	 江苏
盐池	 宁夏吴忠
盐池县	 宁夏吴忠
盐都	 江苏盐城
盐都区	 江苏盐城
盐湖区	 山西运城
盐津	 云南昭通
盐津县	 云南昭通
盐山	 河北沧州
盐山县	 河北沧州
盐田	 广东深圳
盐田区	 广东深圳
盐亭	 四川绵阳
盐亭县	 四川绵阳
盐源	 四川凉山
盐源县	 四川凉山
阎良	 陕西西安
阎良区	 陕西西安
兖州	 山东济宁
兖州区	 山东济宁
郾城	 河南漯河
郾城区	 河南漯河
偃师	 河南洛阳
偃师区	 河南洛阳
砚山	 云南文山
砚山县	 云南文山
雁峰	 湖南衡阳
雁峰区	 湖南衡阳
雁江	 四川资阳
雁江区	 四川资阳
雁山	 广西桂林
雁山区	 广西桂林
雁塔	 陕西西安
雁塔区	 陕西西安
扬中	 江苏镇江
扬中市	 江苏镇江
扬州	 江苏
扬州市	 江苏
阳城县	 山西晋城
阳春市	 广东阳江
阳东	 广东阳江
阳东区	 广东阳江
阳高	 山西大同
阳高县	 山西大同
阳谷	 山东聊城
阳谷县	 山东聊城
阳江	 广东
阳江市	 广东
阳明区	 黑龙江牡丹江
阳曲	 山西太原
阳曲县	 山西太原
阳泉	 山西
阳泉市	 山西
阳山	 广东清远
阳山县	 广东清远
阳朔	 广西桂林
阳朔县	 广西桂林
阳西	 广东阳江
阳西县	 广东阳江
阳新	 湖北黄石
阳新县	 湖北黄石
阳信	 山东滨州
阳信县	 山东滨州
阳原	 河北张家口
阳原县	 河北张家口
杨陵	 陕西咸阳
杨陵区	 陕西咸阳
杨浦	 上海
杨浦区	 上海
洋县	 陕西汉中
漾濞	 云南大理
漾濞县	 云南大理
漾濞彝族自治县	 云南大理
尧都	 山西临汾
尧都区	 山西临汾
姚安县	 云南楚雄
瑶海	 安徽合肥
瑶海区	 安徽合肥
耀州	 陕西铜川
耀州区	 陕西铜川
叶城	 新疆喀什
叶城县	 新疆喀什
叶集	 安徽六安
叶集区	 安徽六安
叶县	 河南平顶山
伊川县	 河南洛阳
伊春	 黑龙江
伊春市	 黑龙江
伊金霍洛旗	 内蒙古鄂尔多斯
伊犁	 新疆
伊犁哈萨克自治州	 新疆
伊美	 黑龙江伊春
伊美区	 黑龙江伊春
伊宁市	 新疆伊犁
伊宁县	 新疆伊犁
伊通	 吉林四平
伊通满族自治县	 吉林四平
伊通县	 吉林四平
伊吾	 新疆哈密
伊吾县	 新疆哈密
伊州	 新疆哈密
伊州区	 新疆哈密
依安	 黑龙江齐齐哈尔
依安县	 黑龙江齐齐哈尔
依兰	 黑龙江哈尔滨
依兰县	 黑龙江哈尔滨
黟县	 安徽黄山
仪陇	 四川南充
仪陇县	 四川南充
仪征	 江苏扬州
仪征市	 江苏扬州
夷陵	 湖北宜昌
夷陵区	 湖北宜昌
沂南	 山东临沂
沂南县	 山东临沂
沂水	 山东临沂
沂水县	 山东临沂
沂源	 山东淄博
沂源县	 山东淄博
宜宾	 四川
宜宾市	 四川
宜昌	 湖北
宜昌市	 湖北
宜城	 湖北襄阳
宜城市	 湖北襄阳
宜川	 陕西延安
宜川县	 陕西延安
宜春	 江西
宜春市	 江西
宜都	 湖北宜昌
宜都市	 湖北宜昌
宜丰	 江西宜春
宜丰县	 江西宜春
宜黄	 江西抚州
宜黄县	 江西抚州
宜君	 陕西铜川
宜君县	 陕西铜川
宜良	 云南昆明
宜良县	 云南昆明
宜兴	 江苏无锡
宜兴市	 江苏无锡
宜秀	 安徽安庆
宜秀区	 安徽安庆
宜阳	 河南洛阳
宜阳县	 河南洛阳
宜章	 湖南郴州
宜章县	 湖南郴州
宜州	 广西河池
宜州区	 广西河池
彝良	 云南昭通
彝良县	 云南昭通
弋江	 安徽芜湖
弋江区	 安徽芜湖
弋阳	 江西上饶
弋阳县	 江西上饶
义安	 安徽铜陵
义安区	 安徽铜陵
义马	 河南三门峡
义马市	 河南三门峡
义乌	 浙江金华
义乌市	 浙江金华
义县	 辽宁锦州
易门	 云南玉溪
易门县	 云南玉溪
易县	 河北保定
峄城	 山东枣庄
峄城区	 山东枣庄
驿城	 河南驻马店
驿城区	 河南驻马店
益阳	 湖南
益阳市	 湖南
翼城	 山西临汾
翼城县	 山西临汾
殷都	 河南安阳
殷都区	 河南安阳
银川	 宁夏
银川市	 宁夏
银海	 广西北海
银海区	 广西北海
银州	 辽宁铁岭
银州区	 辽宁铁岭
鄞州	 浙江宁波
鄞州区	 浙江宁波
印江	 贵州铜仁
印江土家族苗族自治县	 贵州铜仁
印江县	 贵州铜仁
印台	 陕西铜川
印台区	 陕西铜川
应城	 湖北孝感
应城市	 湖北孝感
应县	 山西朔州
英德	 广东清远
英德市	 广东清远
英吉沙	 新疆喀什
英吉沙县	 新疆喀什
英山	 湖北黄冈
英山县	 湖北黄冈
鹰手营子	 河北承德
鹰手营子矿区	 河北承德
鹰潭	 江西
鹰潭市	 江西
迎江	 安徽安庆
迎江区	 安徽安庆
迎泽	 山西太原
迎泽区	 山西太原
盈江	 云南德宏
盈江县	 云南德宏
营口	 辽宁
营口市	 辽宁
营山	 四川南充
营山县	 四川南充
颍东	 安徽阜阳
颍东区	 安徽阜阳
颍泉	 安徽阜阳
颍泉区	 安徽阜阳
颍上	 安徽阜阳
颍上县	 安徽阜阳
颍州	 安徽阜阳
颍州区	 安徽阜阳
邕宁	 广西南宁
邕宁区	 广西南宁
永安市	 福建三明
永昌县	 甘肃金昌
永城	 河南商丘
永城市	 河南商丘
永川	 重庆
永川区	 重庆
永春	 福建泉州
永春县	 福建泉州
永德	 云南临沧
永德县	 云南临沧
永登	 甘肃兰州
永登县	 甘肃兰州
永丰	 江西吉安
永丰县	 江西吉安
永福县	 广西桂林
永和县	 山西临汾
永吉	 吉林
永吉县	 吉林
永济	 山西运城
永济市	 山西运城
永嘉	 浙江温州
永嘉县	 浙江温州
永靖	 甘肃临夏
永靖县	 甘肃临夏
永康市	 浙江金华
永年	 河北邯郸
永年区	 河北邯郸
永宁	 宁夏银川
永宁县	 宁夏银川
永平县	 云南大理
永清	 河北廊坊
永清县	 河北廊坊
永仁县	 云南楚雄
永善	 云南昭通
永善县	 云南昭通
永胜县	 云南丽江
永寿县	 陕西咸阳
永顺	 湖南湘西
永顺县	 湖南湘西
永泰	 福建福州
永泰县	 福建福州
永新	 江西吉安
永新县	 江西吉安
永兴	 湖南郴州
永兴县	 湖南郴州
永修	 江西九江
永修县	 江西九江
永州	 湖南
永州市	 湖南
埇桥	 安徽宿州
埇桥区	 安徽宿州
攸县	 湖南株洲
尤溪	 福建三明
尤溪县	 福建三明
油尖旺	 香港
油尖旺区	 香港
游仙区	 四川绵阳
友好区	 黑龙江伊春
友谊县	 黑龙江双鸭山
酉阳	 重庆
酉阳土家族苗族自治县	 重庆
酉阳县	 重庆
右江	 广西百色
右江区	 广西百色
右玉	 山西朔州
右玉县	 山西朔州
于都	 江西赣州
于都县	 江西赣州
于洪	 辽宁沈阳
于洪区	 辽宁沈阳
于田	 新疆和田
于田县	 新疆和田
余干	 江西上饶
余干县	 江西上饶
余杭	 浙江杭州
余杭区	 浙江杭州
余江	 江西鹰潭
余江区	 江西鹰潭
余庆	 贵州遵义
余庆县	 贵州遵义
余姚	 浙江宁波
余姚市	 浙江宁波
盂县	 山西阳泉
鱼峰	 广西柳州
鱼峰区	 广西柳州
鱼台县	 山东济宁
渝北	 重庆
渝北区	 重庆
渝水	 江西新余
渝水区	 江西新余
渝中	 重庆
渝中区	 重庆
榆次	 山西晋中
榆次区	 山西晋中
榆林	 陕西
榆林市	 陕西
榆社	 山西晋中
榆社县	 山西晋中
榆树	 吉林长春
榆树市	 吉林长春
榆阳	 陕西榆林
榆阳区	 陕西榆林
榆中	 甘肃兰州
榆中县	 甘肃兰州
虞城	 河南商丘
虞城县	 河南商丘
雨城	 四川雅安
雨城区	 四川雅安
雨湖	 湖南湘潭
雨湖区	 湖南湘潭
雨花区	 湖南长沙
雨花台	 江苏南京
雨花台区	 江苏南京
雨山	 安徽马鞍山
雨山区	 安徽马鞍山
禹城	 山东德州
禹城市	 山东德州
禹会	 安徽蚌埠
禹会区	 安徽蚌埠
禹王台	 河南开封
禹王台区	 河南开封
禹州	 河南许昌
禹州市	 河南许昌
玉环	 浙江台州
玉环市	 浙江台州
玉林	 广西
玉林市	 广西
玉龙纳西族自治县	 云南丽江
玉龙县	 云南丽江
玉门	 甘肃酒泉
玉门市	 甘肃酒泉
玉屏	 贵州铜仁
玉屏侗族自治县	 贵州铜仁
玉屏县	 贵州铜仁
玉泉区	 内蒙古呼和浩特
玉山县	 江西上饶
玉树	 青海
玉树藏族自治州	 青海
玉树市	 青海玉树
玉田县	 河北唐山
玉溪	 云南
玉溪市	 云南
玉州	 广西玉林
玉州区	 广西玉林
郁南	 广东云浮
郁南县	 广东云浮
裕安	 安徽六安
裕安区	 安徽六安
裕华	 河北石家庄
裕华区	 河北石家庄
裕民县	 新疆塔城
元宝区	 辽宁丹东
元宝山区	 内蒙古赤峰
元江	 云南玉溪
元江哈尼族彝族傣族自治县	 云南玉溪
元江县	 云南玉溪
元朗	 香港
元朗区	 香港
元谋县	 云南楚雄
元氏	 河北石家庄
元氏县	 河北石家庄
元阳	 云南红河
元阳县	 云南红河
沅江	 湖南益阳
沅江市	 湖南益阳
沅陵	 湖南怀化
沅陵县	 湖南怀化
垣曲	 山西运城
垣曲县	 山西运城
袁州	 江西宜春
袁州区	 江西宜春
原平	 山西忻州
原平市	 山西忻州
原阳	 河南新乡
原阳县	 河南新乡
原州	 宁夏固原
原州区	 宁夏固原
源城	 广东河源
源城区	 广东河源
源汇	 河南漯河
源汇区	 河南漯河
远安	 湖北宜昌
远安县	 湖北宜昌
月湖	 江西鹰潭
月湖区	 江西鹰潭
岳池	 四川广安
岳池县	 四川广安
岳麓	 湖南长沙
岳麓区	 湖南长沙
岳普湖	 新疆喀什
岳普湖县	 新疆喀什
岳塘	 湖南湘潭
岳塘区	 湖南湘潭
岳西	 安徽安庆
岳西县	 安徽安庆
岳阳	 湖南
岳阳楼	 湖南岳阳
岳阳楼区	 湖南岳阳
岳阳市	 湖南
岳阳县	 湖南岳阳
越城	 浙江绍兴
越城区	 浙江绍兴
越西	 四川凉山
越西县	 四川凉山
越秀	 广东广州
越秀区	 广东广州
云安	 广东云浮
云安区	 广东云浮
云城	 广东云浮
云城区	 广东云浮
云浮	 广东
云浮市	 广东
云冈	 山西大同
云冈区	 山西大同
云和县	 浙江丽水
云龙	 江苏徐州
云龙区	 江苏徐州
云龙县	 云南大理
云梦县	 湖北孝感
云溪	 湖南岳阳
云溪区	 湖南岳阳
云县	 云南临沧
云霄县	 福建漳州
云岩	 贵州贵阳
云岩区	 贵州贵阳
云阳	 重庆
云阳县	 重庆
云州	 山西大同
云州区	 山西大同
郧西	 湖北十堰
郧西县	 湖北十堰
郧阳	 湖北十堰
郧阳区	 湖北十堰
筠连	 四川宜宾
筠连县	 四川宜宾
运城	 山西
运城市	 山西
运河区	 河北沧州
郓城	 山东菏泽
郓城县	 山东菏泽
杂多	 青海玉树
杂多县	 青海玉树
赞皇	 河北石家庄
赞皇县	 河北石家庄
枣强	 河北衡水
枣强县	 河北衡水
枣阳	 湖北襄阳
枣阳市	 湖北襄阳
枣庄	 山东
枣庄市	 山东
泽库	 青海黄南
泽库县	 青海黄南
泽普	 新疆喀什
泽普县	 新疆喀什
泽州	 山西晋城
泽州县	 山西晋城
增城	 广东广州
增城区	 广东广州
扎赉诺尔	 内蒙古呼伦贝尔
扎赉诺尔区	 内蒙古呼伦贝尔
扎赉特旗	 内蒙古兴安盟
扎兰屯	 内蒙古呼伦贝尔
扎兰屯市	 内蒙古呼伦贝尔
扎鲁特旗	 内蒙古通辽
扎囊	 西藏山南
扎囊县	 西藏山南
札达	 西藏阿里
札达县	 西藏阿里
柞水	 陕西商洛
柞水县	 陕西商洛
沾化	 山东滨州
沾化区	 山东滨州
沾益	 云南曲靖
沾益区	 云南曲靖
站前区	 辽宁营口
湛河	 河南平顶山
湛河区	 河南平顶山
湛江	 广东
湛江市	 广东
张北	 河北张家口
张北县	 河北张家口
张店	 山东淄博
张店区	 山东淄博
张家川	 甘肃天水
张家川回族自治县	 甘肃天水
张家川县	 甘肃天水
张家港	 江苏苏州
张家港市	 江苏苏州
张家界	 湖南
张家界市	 湖南
张家口	 河北
张家口市	 河北
张湾	 湖北十堰
张湾区	 湖北十堰
张掖	 甘肃
张掖市	 甘肃
章贡	 江西赣州
章贡区	 江西赣州
章丘	 山东济南
章丘区	 山东济南
彰武	 辽宁阜新
彰武县	 辽宁阜新
漳平	 福建龙岩
漳平市	 福建龙岩
漳浦	 福建漳州
漳浦县	 福建漳州
漳县	 甘肃定西
漳州	 福建
漳州市	 福建
樟树	 江西宜春
樟树市	 江西宜春
长白朝鲜族自治县	 吉林白山
长白县	 吉林白山
长春	 吉林
长春市	 吉林
长丰	 安徽合肥
长丰县	 安徽合肥
长葛	 河南许昌
长葛市	 河南许昌
长海	 辽宁大连
长海县	 辽宁大连
长乐区	 福建福州
长岭	 吉林松原
长岭县	 吉林松原
长宁	 上海
长宁区	 上海
长宁县	 四川宜宾
长清	 山东济南
长清区	 山东济南
长沙	 湖南
长沙市	 湖南
长沙县	 湖南长沙
长寿区	 重庆
长顺	 贵州黔南
长顺县	 贵州黔南
长泰	 福建漳州
长泰区	 福建漳州
长汀	 福建龙岩
长汀县	 福建龙岩
长武	 陕西咸阳
长武县	 陕西咸阳
长兴县	 浙江湖州
长阳	 湖北宜昌
长阳土家族自治县	 湖北宜昌
长阳县	 湖北宜昌
长垣	 河南新乡
长垣市	 河南新乡
长治	 山西
长治市	 山西
长洲区	 广西梧州
长子县	 山西长治
招远	 山东烟台
招远市	 山东烟台
昭化	 四川广元
昭化区	 四川广元
昭觉	 四川凉山
昭觉县	 四川凉山
昭平	 广西贺州
昭平县	 广西贺州
昭苏	 新疆伊犁
昭苏县	 新疆伊犁
昭通	 云南
昭通市	 云南
昭阳区	 云南昭通
召陵	 河南漯河
召陵区	 河南漯河
诏安	 福建漳州
诏安县	 福建漳州
赵县	 河北石家庄
肇东	 黑龙江绥化
肇东市	 黑龙江绥化
肇庆	 广东
肇庆市	 广东
肇源	 黑龙江大庆
肇源县	 黑龙江大庆
肇州	 黑龙江大庆
肇州县	 黑龙江大庆
柘城	 河南商丘
柘城县	 河南商丘
柘荣	 福建宁德
柘荣县	 福建宁德
贞丰	 贵州黔西南
贞丰县	 贵州黔西南
浈江	 广东韶关
浈江区	 广东韶关
振安	 辽宁丹东
振安区	 辽宁丹东
振兴区	 辽宁丹东
镇安	 陕西商洛
镇安县	 陕西商洛
镇巴	 陕西汉中
镇巴县	 陕西汉中
镇海	 浙江宁波
镇海区	 浙江宁波
镇江	 江苏
镇江市	 江苏
镇康	 云南临沧
镇康县	 云南临沧
镇赉	 吉林白城
镇赉县	 吉林白城
镇宁	 贵州安顺
镇宁布依族苗族自治县	 贵州安顺
镇宁县	 贵州安顺
镇平	 河南南阳
镇平县	 河南南阳
镇坪	 陕西安康
镇坪县	 陕西安康
镇雄	 云南昭通
镇雄县	 云南昭通
镇沅	 云南普洱
镇沅县	 云南普洱
镇沅彝族哈尼族拉祜族自治县	 云南普洱
镇原	 甘肃庆阳
镇原县	 甘肃庆阳
镇远县	 贵州黔东南
蒸湘	 湖南衡阳
蒸湘区	 湖南衡阳
正安	 贵州遵义
正安县	 贵州遵义
正定	 河北石家庄
正定县	 河北石家庄
正蓝旗	 内蒙古锡林郭勒盟
正宁	 甘肃庆阳
正宁县	 甘肃庆阳
正镶白旗	 内蒙古锡林郭勒盟
正阳	 河南驻马店
正阳县	 河南驻马店
郑州	 河南
郑州市	 河南
政和	 福建南平
政和县	 福建南平
芝罘	 山东烟台
芝罘区	 山东烟台
枝江	 湖北宜昌
枝江市	 湖北宜昌
织金	 贵州毕节
织金县	 贵州毕节
芷江	 湖南怀化
芷江侗族自治县	 湖南怀化
芷江县	 湖南怀化
志丹	 陕西延安
志丹县	 陕西延安
治多	 青海玉树
治多县	 青海玉树
中方县	 湖南怀化
中江县	 四川德阳
中牟	 河南郑州
中牟县	 河南郑州
中宁	 宁夏中卫
中宁县	 宁夏中卫
中山区	 辽宁大连
中卫	 宁夏
中卫市	 宁夏
中西区	 香港
中阳县	 山西吕梁
中原区	 河南郑州
中站	 河南焦作
中站区	 河南焦作
忠县	 重庆
钟楼区	 江苏常州
钟山区	 贵州六盘水
钟山县	 广西贺州
钟祥	 湖北荆门
钟祥市	 湖北荆门
仲巴	 西藏日喀则
仲巴县	 西藏日喀则
舟曲	 甘肃甘南
舟曲县	 甘肃甘南
舟山	 浙江
舟山市	 浙江
周村	 山东淄博
周村区	 山东淄博
周口	 河南
周口市	 河南
周宁	 福建宁德
周宁县	 福建宁德
周至	 陕西西安
周至县	 陕西西安
珠海	 广东
珠海市	 广东
珠晖	 湖南衡阳
珠晖区	 湖南衡阳
珠山	 江西景德镇
珠山区	 江西景德镇
株洲	 湖南
株洲市	 湖南
诸城	 山东潍坊
诸城市	 山东潍坊
诸暨	 浙江绍兴
诸暨市	 浙江绍兴
竹山县	 湖北十堰
竹溪	 湖北十堰
竹溪县	 湖北十堰
驻马店	 河南
驻马店市	 河南
庄河	 辽宁大连
庄河市	 辽宁大连
庄浪	 甘肃平凉
庄浪县	 甘肃平凉
准格尔旗	 内蒙古鄂尔多斯
涿鹿	 河北张家口
涿鹿县	 河北张家口
涿州	 河北保定
涿州市	 河北保定
卓尼	 甘肃甘南
卓尼县	 甘肃甘南
卓资	 内蒙古乌兰察布
卓资县	 内蒙古乌兰察布
资溪	 江西抚州
资溪县	 江西抚州
资兴	 湖南郴州
资兴市	 湖南郴州
资阳	 四川
资阳区	 湖南益阳
资阳市	 四川
资源县	 广西桂林
资中县	 四川内江
淄博	 山东
淄博市	 山东
淄川	 山东淄博
淄川区	 山东淄博
子长市	 陕西延安
子洲县	 陕西榆林
秭归	 湖北宜昌
秭归县	 湖北宜昌
梓潼	 四川绵阳
梓潼县	 四川绵阳
紫金县	 广东河源
紫阳县	 陕西安康
紫云苗族布依族自治县	 贵州安顺
紫云县	 贵州安顺
自贡	 四川
自贡市	 四川
自流井	 四川自贡
自流井区	 四川自贡
邹城	 山东济宁
邹城市	 山东济宁
邹平	 山东滨州
邹平市	 山东滨州
遵化	 河北唐山
遵化市	 河北唐山
遵义	 贵州
遵义市	 贵州
左贡	 西藏昌都
左贡县	 西藏昌都
左权县	 山西晋中
左云	 山西大同
左云县	 山西大同
